GCF,OTU,genus,superkingdom,phylum,class,order,family,16S
GCF_011764585.1,97_8302,Sulfurimicrobium,Bacteria,Pseudomonadota,Betaproteobacteria,Nitrosomonadales,Sulfuricellaceae,GAGTTTGATCCTGGCTCAGATTGAACGCTGGCGGAATGCTTTACACATGCAAGTCGAACGGCAGCACGGGTGCTTGCACCTGGTGGCGAGTGGCGAACGGGTGAGTAATACATAGGAACATGCCCAGTAATGGGGGATAACGCCGAGAAATCGGTGCTAATACCGCATACGCCCTACGGGGGAAAGCGGGGGATCTTCGGACCTCGCGTTATTGGATTGGCCTATGTCTGATTAGCTAGTTGGTGAGGTAAAGGCTCACCAAGGCGACGATCAGTAGCTGGTCTGAGAGGATGATCAGCCACACTGGAACTGAGACACGGTCCAGACTCCTACGGGAGGCAGCAGTGGGGAATTTTGGACAATGGGCGAAAGCCTGATCCAGCCATTCCGCGTGAGTGAAGAAGGCCTTCGGGTTGTAAAGCTCTTTCGGCAGGAACGAAATGGTTGCGGTTAATAACCGCGACTTCTGACGGTACCTGAAGAAGAAGCACCGGCTAACTACGTGCCAGCAGCCGCGGTAATACGTAGGGTGCGAGCGTTAATCGGAATTACTGGGCGTAAAGCGTGCGCAGGCGGTTTTGTAAGTCAGATGTGAAAGCCCCGGGCTTAACCTGGGAATGGCGTTTGAAACTACAAGGCTAGAGTGTGTCAGAGGGGGGTAGAATTCCACGTGTAGCAGTGAAATGCGTAGAGATGTGGAGGAATACCGATGGCGAAGGCAGCCCCCTGGGATAACACTGACGCTCATGCACGAAAGCGTGGGGAGCAAACAGGATTAGATACCCTGGTAGTCCACGCCCTAAACGATGTCAACTAGTTGTCGGGAGGGTAACCCTCTTGGTAACGCAGCTAACGCGTGAAGTTGACCGCCTGGGGAGTACGGTCGCAAGATTAAAACTCAAAGGAATTGACGGGGGCCCGCACAAGCGGTGGATTATGTGGATTAATTCGATGCAACGCGAAAAACCTTACCTACCCTTGACATGTACGGAACTTGCCAGAGATGGCTTGGTGCTCGAAAGAGAACCGTAACACAGGTGCTGCATGGCTGTCGTCAGCTCGTGTCGTGAGATGTTGGGTTAAGTCCCGCAACGAGCGCAACCCTTGTCATTAATTGCCATCATTCAGTTGGGCACTTTAATGAGACCGCCGGTGACAAACCGGAGGAAGGTGGGGATGACGTCAAGTCCTCATGGCCCTTATGGGTAGGGCTTCACACGTAATACAATGGTCGGTACAGAGGGTCGCCAACCCGCGAGGGGGAGCCAATCCCAGAAAGCCGATCGTAGTCCGGATTGGAGTCTGCAACTCGACTCCATGAAGTCGGAATCGCTAGTAATCGCGGATCAGCATGTCGCGGTGAATACGTTCCCGGGCCTTGTACACACCGCCCGTCACACCATGGGAGTGGGTATTACCAGAAGCAGGTAGCTTAACCTTCGGGAGGGCGCTTGCCACGGTAGGATTCATGACTGGGGTGAAGTCGTAACAAGGTAGCCGTATCGGAAGGTGCGGCTGGATCACCTCCTTTCTG
GCF_019669905.1,97_774,Methylomonas,Bacteria,Pseudomonadota,Gammaproteobacteria,Methylococcales,Methylococcaceae,TAAACTGAAGAGTTTGATCATGGCTCAGATTGAACGCTGGCGGTATGCTTAACACATGCAAGTCGAACGCTGATAAGGTGCTTGCACCTTTGATGAGTGGCGGACGGGTGAGTAATGCATAGGAATCTGCCTATTAGTGGGGGACAACGTGGGGAAACTCACGCTAATACCGCATACGATCTACGGATGAAAGCAGGGGACCTTCGGGCCTTGCGCTAATAGATGAGCCTATGTCGGATTAGCTAGTTGGTGGGGTAAAGGCCTACCAAGGCGACGATCCGTAGCTGGTCTGAGAGGATGATCAGCCACACTGGGACTGAGACACGGCCCAGACTCCTACGGGAGGCAGCAGTGGGGAATATTGGACAATGGGCGAAAGCCTGATCCAGCAATACCGCGTGTGTGAAGAAGGCCTGAGGGTTGTAAAGCACTTTCAATGGGAAGGAACACCTATCGGTTAATACCCGGTAGACTGACATTACCCATACAAGAAGCACCGGCTAACTCCGTGCCAGCAGCCGCGGTAATACGGAGGGTGCAAGCGTTAATCGGAATTACTGGGCGTAAAGCGTGCGTAGGCGGTTGTTTAAGTCAGATGTGAAAGCCCCGGGCTTAACCTGGGAACTGCATTTGATACTGGGCAACTAGAGTTGAGTAGAGGGGAGTGGAATTTCAGGTGTAGCGGTGAAATGCGTAGAGATCTGAAGGAACACCAGTGGCGAAGGCGGCTCCCTGGACTCAAACTGACGCTGAGGTACGAAAGCGTGGGTAGCAAACAGGATTAGATACCCTGGTAGTCCACGCCGTAAACGATGTCAACTAACTGTTGGGTTCTTTAAGAACTTAGTAGTGGAGCTAACGTATTAAGTTGACCGCCTGGGGAGTACGGCCGCAAGGCTAAAACTCAAATGAATTGACGGGGGCCCGCACAAGCGGTGGAGCATGTGGTTTAATTCGATGCAACGCGAAGAACCTTACCTACCCTTGACATCCTCGGAACTTGTCAGAGATGACTTGGTGCCTTCGGGAACCGAGAGACAGGTGCTGCATGGCTGTCGTCAGCTCGTGTTGTGAAATGTTGGGTTAAGTCCCGTAACGAGCGCAACCCTTATCCTTAGTTGCCAGCGAGTAATGTCGGGAACTCTAGGGAGACTGCCGGTGATAAACCGGAGGAAGGTGGGGACGACGTCAAGTCATCATGGCCCTTATGGGTAGGGCTACACACGTGCTACAATGGCCGGTACAGAGGGCAGCGAAACCGTGAGGTCAAGCAAATCCCACAAAGCCGGTCCCAGTCCGGATTGCAGTCTGCAACTCGACTGCATGAAGTCGGAATCGCTAGTAATCGCGGATCAGAATGCCGCGGTGAATACGTTCCCGGGCCTTGTACACACCGCCCGTCACACCATGGGAGTGGGTTGCAAAAGAAGTAGGTAGTTTAACCTTCGGGAGGGCGCTTACCACTTTGTGATTCATGACTGGGGTGAAGTCGTAACAAGGTAGCCCTAGGGGAACCTGGGGCTGGATCACCTCCTTACAAAGAC
GCF_004011805.1,97_7306,Piscinibacter,Bacteria,Pseudomonadota,Betaproteobacteria,Burkholderiales,Sphaerotilaceae,AGTTTGATCCTGGCTCAGATTGAACGCTGGCGGCATGCCTTACACATGCAAGTCGAACGGTAACGCGGGGCAACCTGGCGACGAGTGGCGAACGGGTGAGTAATGCATCGGAACGTGCCCAGTAGTGGGGGATAGCCCGGCGAAAGCCGGATTAATACCGCATACGACCTACGGGTGAAAGCGGGGGACCGCAAGGCCTCGCGCTATTGGAGCGGCCGATGTCAGATTAGGTAGTTGGTGGGGTAAAGGCCTACCAAGCCGACGATCTGTAGCTGGTCTGAGAGGACGACCAGCCACACTGGGACTGAGACACGGCCCAGACTCCTACGGGAGGCAGCAGTGGGGAATTTTGGACAATGGGCGCAAGCCTGATCCAGCCATGCCGCGTGCGGGAAGAAGGCCTTCGGGTTGTAAACCGCTTTTGTCAGGGAAGAAACGCGCTGAGCTAATACCTCGGCGTAATGACGGTACCTGAAGAATAAGCACCGGCTAACTACGTGCCAGCAGCCGCGGTAATACGTAGGGTGCAAGCGTTAATCGGAATTACTGGGCGTAAAGCGTGCGCAGGCGGCTTTGCAAGACAGATGTGAAATCCCCGGGCTTAACCTGGGAACTGCATTTGTGACTGCATGGCTGGAGTGCGGCAGAGGGGGATGGAATTCCGCGTGTAGCAGTGAAATGCGTAGATATGCGGAGGAACACCGATGGCGAAGGCAATCCCCTGGGCCTGCACTGACGCTCATGCACGAAAGCGTGGGGAGCGAACAGGATTAGATACCCTGGTAGTCCACGCCCTAAACGATGTCAACTGGTTGTTGGAACGGCTTGCTGTTCAGTAACGAAGCTAACGCGTGAAGTTGACCGCCTGGGGAGTACGGCCGCAAGGTTGAAACTCAAAGGAATTGACGGGGACCCGCACAAGCGGTGGATGATGTGGTTTAATTCGATGCAACGCGAAAAACCTTACCTACCCTTGACATGCCTGGAATCCTGCAGAGATGTGGGAGTGCTCGAAAGAGAGCCAGGACACAGGTGCTGCATGGCCGTCGTCAGCTCGTGTCGTGAGATGTTGGGTTAAGTCCCGCAACGAGCGCAACCCTTATCATTAGTTGCTACGCAAGGGCACTCTAATGAGACTGCCGGTGACAAACCGGAGGAAGGTGGGGATGACGTCAGGTCATCATGGCCCTTATGGGTAGGGCTACACACGTCATACAATGGCCGGTACAGAGGGCTGCCAACCCGCGAGGGGGAGCTAATCTCAGAAAACCGGTCGTAGTCCGGACCGCAGTCTGCAACTCGACTGCGTGAAGTCGGAATCGCTAGTAATCGCGGATCAGAATGTCGCGGTGAATACGTTCCCGGGTCTTGTACACACCGCCCGTCACACCATGGGAGCGGGTTCTGCCAGAAGTAGTTAGCCTAACCGCAAGGAGGGCGATTACCACGGCAGGGTTCGTGACTGGGGTGAAGTCGTAACAAGGTAGCCGTATCGGAAGGTGCGGCTGGATCACCTCCTT
GCF_003856525.1,97_59,Vibrio,Bacteria,Pseudomonadota,Gammaproteobacteria,Vibrionales,Vibrionaceae,CTCATGGAGAGTTCGATCCTGGCTCAGGATGAACGCTGGCGGCATGCTTAACACATGCAAGTCGGACGGGAAGTGGTGTTTCCAGTGGCGGACGGGTGAGTAACGCGTAAGAACCTGCCCTTGGGAGGGGAACAACAGCTGGAAACGGCTGCTAATACCCCGTAGGCTGAGGAGCAAAAGGAGGAATCCGCCCGAGGAGGGGCTCGCGTCTGATTAGCTAGTTGGTGAGGCAATAGCTTACCAAGGCGATGATCAGTAGCTGGTCCGAGAGGATGATCAGCCACACTGGGACTGAGACACGGCCCAGACTCCTACGGGAGGCAGCAGTGGGGAATTTTCCGCAATGGGCGAAAGCCTGACGGAGCAATGCCGCGTGGAGGTAGAAGGCCCACGGGTCGTGAACTTCTTTTCCCGGAGAAGAAGCAATGACGGTATCTGGGGAATAAGCATCGGCTAACTCTGTGCCAGCAGCCGCGGTAATACAGAGGATGCAAGCGTTATCCGGAATGATTGGGCGTAAAGCGTCTGTAGGTGGCTTTTTAAGTCCGCCGTCAAATCCCAGGGCTCAACCCTGGACAGGCGGTGGAAACTACCAAGCTGGAGTACGGTAGGGGCAGAGGGAATTTCCGGTGGAGCGGTGAAATGCGTAGAGATCGGAAAGAACACCAACGGCGAAAGCACTCTGCTGGGCCGACACTGACACTGAGAGACGAAAGCTAGGGGAGCGAATGGGATTAGATACCCCAGTAGTCCTAGCCGTAAACGATGGATACTAGGCGCTGTGCGTATCGACCCGTGCAGTGCTGTAGCTAACGCGTTAAGTATCCCGCCTGGGGAGTACGTTCGCAAGAATGAAACTCAAAGGAATTGACGGGGGCCCGCACAAGCGGTGGAGCATGTGGTTTAATTCGATGCAAAGCGAAGAACCTTACCAGGGCTTGACATGCCGCGAATCCTCTTGAAAGAGAGGGGTGCCTTCGGGAACGCGGACACAGGTGGTGCATGGCTGTCGTCAGCTCGTGCCGTAAGGTGTTGGGTTAAGTCCCGCAACGAGCGCAACCCTCGTGTTTAGTTGCCATCATTGAGTTTGGAACCCTGAACAGACTGCCGGTGATAAGCCGGAGGAAGGTGAGGATGACGTCAAGTCATCATGCCCCTTATGCCCTGGGCGACACACGTGCTACAATGGCCGGGACAAAGGGTCGCGATCCCGCGAGGGTGAGCTAACTCCAAAAACCCGTCCTCAGTTCGGATTGCAGGCTGCAACTCGCCTGCATGAAGCCGGAATCGCTAGTAATCGCCGGTCAGCCATACGGCGGTGAATTCGTTCCCGGGCCTTGTACACACCGCCCGTCACACTATGGGAGCTGGCCATGCCCGAAGTCGTTACCTTAACCGCAAGGAGGGGGATGCCGAAGGCAGGGCTAGTGACTGGAGTGAAGTCGTAACAAGGTAGCCGTACTGGAAGGTGCGGCTGGATCACCTCCTT
GCF_900100555.1,97_496,Pelosinus,Bacteria,Bacillota,Negativicutes,Selenomonadales,Sporomusaceae,TTTTATGGAGAGTTTGATCCTGGCTCAGGACGAACGCTGGCGGCGTGCCTAACACATGCAAGTCGAACGGTCTGGTATTCAACACTGAATATTTAGCAGTGTAGCCAAGCGTCAAGCGCGAAAGAAGAGAGCGCTTCACGCATTTAACAAGTGCCAACACAAAAGCTAAGGATTGAGTGTTGAATATCAGATAGTGGCGAACGGGTGAGTAACGCGTAGACAACCTACCTTCTAGCTGGGGACAACACTGCGAAAGTGGTGCTAATACCGAATGTTGTATTTTGAGTGCATACTTAAAATACTAAAGGTGGCCTCTATTTATAAGCTATCACTAGAAGATGGGTCTGCGTCTGATTAGCTAGTTGGTGAGGTAATGGCTCACCAAGGCGACGATCAGTAGCCGGTCTGAGAGGATGAACGGCCACACTGGGACTGAGACACGGCCCAGACTCCTACGGGAGGCAGCAGTGGGGAATCTTCCGCAATGGACGAAAGTCTGACGGAGCAACGCCGCGTGAGTGAAGAAGGTTTTCGGATCGTAAAACTCTGTTTTCAGGGACGAATGTGTGGATTGTAAATAATGGTTCATAATGACGGTACCTGACAAGAAAGCCACGGCTAACTACGTGCCAGCAGCCGCGGTAATACGTAGGTGGCAAGCGTTGTCCGGAATTATTGGGCGTAAAGCGCGCGCAGGTGGGATAATCAGTCTGATGTTAAAGTTCGGGGCTTAACCCCGTGAAGCATTGGATACTGTTATTCTTGAGTGCAGGAGAGGAAAGTGGAATTCCTAGTGTAGCGGTGAAATGCGTAGATATTAGGAGGAACACCAGTGGCGAAGGCGACTTTCTGGACTGTGTCTGACACTGAGGCGCGAAAGCCAGGGTAGTGAACGGGATTAGATACCCCGGTAATCCTGGCCGTAAACGATGGGTACTAGGTGTTGGGGGTATCGACCCCTCCAGTGCCGGAGTTAACGCAATAAGTACCCCGCCTGGGGAGTACGGCCGCAAGGTTGAAACTCAAAGGAATTGACGGGGGCCCGCACAAGCGGTGGAGTATGTGGTTTAATTCGACGCAACGCGAAGAACCTTACCAAGGCTTGACATCGTCTGATGATCCTAGAGATAGGAAGTTCTTCTTCGGAAGACAGATAGACAGGTGGTGCATGGCTGTCGTCAGCTCGTGTCGTGAGATGTTGGGTTAAGTCCCGCAACGAGCGCAACCCTTATCCTATGTTGCCAGCACGTAAAGGTGGGAACTCATGGGAGACTGCCGTGGATAACACGGAGGAAGGTGGGGATGACGTCAAGTCATCATGCCCCTTATGTCTTGGGCTACACACGTACTACAATGGGCTTAAATAGAGGGTAGCGAAGCCGCGAGGTGAAGCCAAACCCAAAAACAAGCTCTCAGTTCGGATTGCAGGCTGCAACTCGCCTGCATGAAGTCGGAATCGCTAGTAATCGCAGATCAGCATGCTGCGGTGAATACGTTCCCGGGCCTTGTACACACCGCCCGTCACACCACGAAAGTTGAGAGCACCCGAAGCCGGTGAGGTAACCAGCAATGGAACCAGCCGTCGAAGGTGAGATCAGTGATTGGGGTGAAGTCGTAACAAGGTAGCCGTATCGGAAGGTGCGGCTGGATCACCTCCTTTCTATGGAG
GCF_001705075.2,97_4580,Acidiferrobacter,Bacteria,Pseudomonadota,Gammaproteobacteria,Acidiferrobacterales,Acidiferrobacteraceae,ATTGGAGAGTTTGATCCTGGCTCAGATTGAACGCTGGCGGCATGCTTAACACATGCAAGTCGAACGCGAAAGGGGGCAACCCCGAGTAGAGTGGCGGACGGGTGAGTAACGCGTAGGAATCTGCCCAGTAGTGGGGGATAACCCGGCGAAAGCCGGGCTAATACCGCATATGCCCTATGGGGCAAAGCAGGGGATCTTCGGACCTTGCGCTATTGGATGAGCCTGCGTCGGATTAGCTAGTTGGTAGGGTAAAGGCCTACCAAGGCGACGATCCGTAGCTGGTCTGAGAGGATGATCAGCCACACTGGGACTGAGACACGGCCCAGACTCCTACGGGAGGCAGCAGTGGGGAATATTGGACAATGGGGGAAACCCTGATCCAGCAATGCCGCGTGTGTGAAGAAGGCCTTCGGGTTGTAAAGCACTTTCAGTAGGGAAGAAAAAAGCCTGGCTAATATCCAGGCTCTTGACGGTACCTAAAGAAGAAGCACCGGCTAACTCTGTGCCAGCAGCCGCGGTAATACAGAGGGTGCAAGCGTTAATCGGAATTACTGGGCGTAAAGCGTGCGTAGGTGGTTCGGTAAGTCAGATGTGAAAGCCCTGGGCTTAACCTGGGAATTGCGTTTGATACTGTCGGACTAGAGTTTGGTAGAGGGAAGTGGAATTCCACGTGTAGCGGTGAAATGCGTAGATATGTGGAGGAACACCAGTGGCGAAGGCGGCTTCCTGGACTAAAACTGACACTGAGGCACGAAAGCGTGGGGAGCAAACAGGATTAGATACCCTGGTAGTCCACGCCGTAAACGATGGGTACTAGACGTTGGGAGGTTTAACCTTCTAGTGTCGCAGCTAACGCAATAAGTACCCCGCCTGGGGAGTACGGCCGCAAGGTTAAAACTCAAAGGAATTGACGGGGGCCCGCACAAGCGGTGGAGCATGTGGTTTAATTCGATGCAACGCGAAAAACCTTACCTGCCCTTGACATGTGAGGAACCTTCCAGAGATGGGAGGGTGCCCGCAAGGGAGCCTCAACACAGGTGCTGCATGGCTGTCGTCAGCTCGTGTCGTGAGATGTTGGGTTAAGTCCCGTAACGAGCGCAACCCTTGCCCTTAGTTGCCATCATTTAGTTGGGCACTCTAAGGGGACCGCCGGTGACAAACCGGAGGAAGGTGGGGATGACGTCAAGTCATCATGGCCCTTATGGGCAGGGCTACACACGTGCTACAATGGCCGGTACAGAGGGTTGCCAACCCGCGAGGGGGAGCTAATCTCAGAAAGCCGGTCGTAGTCCGGATTGGAGTCTGCAACTCGACTCCATGAAGTCGGAATCGCTAGTAATCGCGAATCAGCATGTCGCGGTGAATACGTTCCCGGGCCTTGTACACACCGCCCGTCACACCATGGGAGTTGGTTGTACCAGAAGCAGGTAGCCTAACCGCAAGGAGGGCGCCTACCACGGTATGGTCAATGACTGGGGTGAAGTCGTAACAAGGTAGCCGTAGGGGAACCTGCGGCTGGATCACCTCCTTTC
GCF_000019785.1,97_4549,Leptothrix,Bacteria,Pseudomonadota,Betaproteobacteria,Burkholderiales,Sphaerotilaceae,GAGTTTGATCCTGGCTCAGATTGAACGCTGGCGGCATGCCTTACACATGCAAGTCGAACGGTAGAGGAGCAATCCTCGAGAGTGGCGAACGGGTGAGTAATGTATCGGAACGTGCCCAGTAGTGGGGGATAGCCCGGCGAAAGCCGGATTAATACCGCATGAGACCTGAGGGTGAAAGCGGGGGACTCGCAAGAGCCTCGCGCTACTGGAGCGGCCGATATCAGATTAGGTAGTTGGTGGGGTAAAAGCCTACCAAGCCTGCGATCTGTAGCTGGTCTGAGAGGACGACCAGCCACACTGGGACTGAGACACGGCCCAGACTCCTACGGGAGGCAGCAGTGGGGAATTTTGGACAATGGGCGAAAGCCTGATCCAGCCATGCCGCGTGCGGGAAGAAGGCCTTCGGGTTGTAAACCGCTTTTGTCAGGGAAGAAATCCTTTGAGTTAATACCTCGGAGGGATGACGGTACCTGAAGAATAAGCACCGGCTAACTACGTGCCAGCAGCCGCGGTAATACGTAGGGTGCAAGCGTTAATCGGAATTACTGGGCGTAAAGCGTGCGCAGGCGGTTGTGTAAGACAGATGTGAAATCCCCGGGCTCAACCTGGGAACTGCATTTGTGACTGCACAGCTAGAGTACGGTAGAGGGGGATGGAATTCCGCGTGTAGCAGTGAAATGCCGAGATATGCGGAGGAACACCGATGGCGAAGGCAATCCCCTGGACCTGTACTGACGCTCATGCACGAAAGCGTGGGGAGCAAACAGGATTAGATACCCTGGTAGTCCACGCCCTAAACGATGTCAACTGGTTGTTGGGAGGGTTTCTTCTCAGTAACGAAGCTAACGCGTGAAGTTGACCGCCTGGGGAGTACGGCCGCAAGGTTGAAACTCAAAGGAATTGACGGGGACCCGCACAAGCGGTGGATGATGTGGTTTAATTCGATGCAACGCGAAAAACCTTACCTACCCTTGACATGTCAAGAATCTTGCAGAGATGTGGGAGTGCTCGAAAGAGAACTTGAACACAGGTGCTGCATGGCCGTCGTCAGCTCGTGTCGTGAGATGTTGGGTTAAGTCCCGCAACGAGCGCAACCCTTGTCATTAGTTGCTACGAAAGGGCACTCTAATGAGACTGCCGGTGACAAACCGGAGGAAGGTGGGGATGACGTCAGGTCCTCATGGCCCTTATGGGTAGGGCTACACACGTCATACATAAGGCCGGTACAGAGGGCTGCCAACCCGCGAGGGGGAGCCAATCCCAGAAAACCGGTCGTAGTCCGGATCGCAGTCTGCAACTCGACTGCGTGAAGTCGGAATCGCTAGTAATCGCGGATCAGCTTGCCGCGGTGAATACGTTCCCGGGTCTTGTACACACCGCCCGTCACACCATGGGAGCGGGTTCTGCCAGAAGTAGTTAGCCTAACCGCAAGGAGGGCGATTACCACGGCAGGGTTCGTGACTGGGGTGAAGTCGTAACAAGGTAGCCG
GCF_001697225.1,97_4005,Immundisolibacter,Bacteria,Pseudomonadota,Gammaproteobacteria,Immundisolibacterales,Immundisolibacteraceae,TTAATTAAAGAGTTTGATCATGGCTCAGATTGAACGCTGGCGGTATGCTTAACACATGCAAGTCGAACGGCAGCACAGGGTAGCTTGCTATCCGGGTGGCGAGTGGCGGACGGGTGAGTAACGCGTAGGAATCTACCTTTTCGTGGGGGATAACCCGGGGAAACTCGGGCTAATACCGCATACGCCCTACGGGGGAAAGCGGGGGACCTTCGGGCCTCGCGCGGAACGATGAGCCTGCGTCCTATCAGGTAGTTGGTGAGGTAATGGCTCACCAAGCCGACGACGGGTAGCTGGTCTGAGAGGACGACCAGCCACACTGGGACTGAGACACGGCCCAGACTCCTACGGGAGGCAGCAGTGGGGAATATTGGACAATGGGGGAAACCCTGATCCAGCAATACCGCGTGTGTGAAGAAGGCCTTCGGGTTGTAAAGCACTTTTAGCAGGAAAGAAAGACAATGCGCTAATACCGCATGGTTTTGACGTTACTTGCAGAAAAAGCACCGGCTAACTCCGTGCCAGCAGCCGCGGTAATACGGAGGGTGCAAGCGTTAATCGGAATTACTGGGCGTAAAGCGCGCGTAGGCGGCTTGTTAAGTCGGATGTGAAATCCCCGGGCTCAACCTGGGAACTGCATTCGATACTGGCTGGCTAGAGTGTGGTAGAGGGAAGTGGAATTCCAGGTGTAGCGGTGAAATGCGTAGATATCTGGGGGAACATCAGTGGCGAAGGCGGCTTCCTGGACCAACACTGACGCTGAGGCGCGAAAGCGTGGGGAGCAAACAGGATTAGATACCCTGGTAGTCCACGCCGTAAACGATGTCAACTAGCCGTAGGGAGCATCTGGCTCTTTGTGGCGCAGCTAACGCGATAAGTTGACCGCCTGGGGAGTACGGCCGCAAGGCTAAAACTCAAATGAATTGACGGGGGCCCGCACAAGCGGTGGAGCATGTGGTTTAATTCGATGCAACGCGAAAAACCTTACCTGCCCTTGACATGTCAGGAATCTTTCAGAGATGAGAGAGTGCCTTCGGGAACCTGAACACAGGTGCTGCATGGCTGTCGTCAGCTCGTGTCGTGAGATGTTGGGTTAAGTCCCGTAACGAGCGCAACCCTTGTCCTTAGTTGCCAGCGGTTCGGCCGGGAACTCTAAGGAGACTGCCGGTGATAAACCGGAGGAAGGTGGGGACGACGTCAAGTCATCATGGCCCTTATGGGCAGGGCTACACACGTGCTACAATGGCCAGTACAGAAGGTTGCCAACCCGCGAGGGGGAGCTAATCCTGTAAAGCTGGTCGTAGTCCGGATCGCAGTCTGCAACTCGACTGCGTGAAGTCGGAATCGCTAGTAATCGCGAATCAGCATGTCGCGGTGAATACGTTCCCGGGCCTTGTACACACCGCCCGTCACACCATGGGAGTGGGCTGCACCAGAAGTAGGTTGCTTAACCCGTAAGGGAGGGCGCTTACCACGGTGTGGTTCATGACTGGGGTGAAGTCGTAACAAGGTAGCCGTAGGGGAACCTGTGGCTGGATCACCTCCTTAAAAGATGAC
GCF_000332155.1,97_3514,Kamptonema,Bacteria,Cyanobacteriota,Cyanophyceae,Oscillatoriales,Microcoleaceae,ATCACGGAGAGTTTGATCCTGGCTCAGGATGAACGCTGGCGGTCTGCTTAACACATGCAAGTCGAACGGGTGTAGCAATACATTAGTGGCGGACGGGTGAGTAACGCGTGAGAATCTGCCAACAGGACTGGGACAACAGTGGGAAACCGCTGCTAATCCCGGATGTACCGCAAGGGAAAAGATTTATCGCCTGTTGATGAGCTCGCGTCTGATTAGCTAGTTGGTGGGGTAAAAGCCTACCAAGGCATCGATCAGTAGCTGGTCTGAGAGGACGATCAGCCACACTGGGACTGAGACACGGCCCAGACTCCTACGGGAGGCAGCAGTGGGGAATTTTCCGCAATGGGCGAAAGCCTGACGGAGCAAGACCGCGTGAGGGAGGAAGGCTCTTGGGTTGTAAACCTCTTTTCTCTGGGAAGAACAAAATGACGGTACCAGAGGAATCAGCATCGGCTAACTCCGTGCCAGCAGCCGCGGTAAGACGGAGGATGCAAGCGTTATCCGGAATGATTGGGCGTAAAGCGTCCGCAGGTGGCAATTCAAGTCTGCTGTTAAAGCGCAGGGCTTAACTCTGTAAAGGCAGTGGAAACTGAATAGCTAGAGTGTGGTAGGGGCAGAGGGAATTCCCAGTGTAGCGGTGAAATGCGTAGAGATTGGGAAGAACATCGGTGGCGAAGGCGCTCTGCTGGACCATAACTGACACTCACAGGACGAAAGCTAGGGGAGCGAATGGGATTAGATACCCCAGTAGTCCTAGCCGTAAACGATGGATACTAGGTGTTGTCTGTATCGACCCGGACAGTGCCGTAGCTAACGCGTTAAGTATCCCGCCTGGGGAGTACGCACGCAAGTGTGAAACTCAAAGGAATTGACGGGGGCCCGCACAAGCGGTGGAGTATGTGGTTTAATTCGATGCAACGCGAAGAACCTTACCAGGACTTGACATGTCGCGAATCTGAGTGAAAGCTCGGAGTGCCTTCGGGAGCGCGAACACAGGTGGTGCATGGCTGTCGTCAGCTCGTGTCGTGAGATGTTGGGTTAAGTCCCGCAACGAGCGCAACCCTCGTTTTTAGTTGCCAGCATTAAGTTGGGCACTCTAAAGAGACTGCCGGTGACAAACCGGAGGAAGGTGGGGATGACGTCAAGTCAGCATGCCCCTTACGTCCTGGGCTACACACGTACTACAATGGTAGGGACAGAGGGCAGCCAACTCGCGAGAGTGAGCTAATCCCGTAAACCCTGCCTCAGTTCAGATCGCAGGCTGCAACTCGCCTGCGTGAAGGCGGAATCGCTAGTAATCGCCGGTCAGCATACGGCGGTGAATCCGTTCCCGGGCCTTGTACACACCGCCCGTCACACCATGGAAGTTGGCCATGCCCGAAGTCGTTACTCTAACTCGCAAGAGAGGAGGATGCCGAAGGCAGGGCTGATGACTGGGGTGAAGTCGTAACAAGGTAGCCGTACCGGAAGGTGTGGCTGGATCACCTCCTTT
GCF_000183725.1,97_3432,Sulfuricurvum,Bacteria,Campylobacterota,Epsilonproteobacteria,Campylobacterales,Thiovulaceae,ATTATGGAGAGTTTGATCCTGGCTCAGAGTGAACGCTGGCGGCGTGCCTAACACATGCAAGTCGAACGATGATTGGAGAGCTTGCTCTTCATGATTAGTGGCGCACGGGTGAGTATACCATAGATAATGTACCCCTTAGTTTGGGATAGCCACTGGAAACGGTGATTAATACCAGATACTCCTTCTTGTCCTAAGGCAAGTCGGGAAAGTTTTTTCGCTAAGGGATCAGTCTATGTCCTATCAGCTAGTTGGTGAGGTAATGGCTCACCAAGGCTATGACGGGTATCTGGTTTGAGAGGATGATCAGACACACTGGAACTGAGACACGGTCCAGACTCCTACGGGAGGCAGCAGTGAGGAATATTGCACAATGGAGGAAACTCTGATGCAGCAACGCCGCGTGGAGGATGACGCATTTCGGTGTGTAAACTCCTTTTAAGAGGGAAGATAATGACGGTACCTCTTGAATAAGCACCGGCTAACTCCGTGCCAGCAGCCGCGGTAATACGGAGGGTGCAAGCGTTACTCGGAATCACTGGGCGTAAAGGGTGCGTAGGCTGACTTTTAAGTCAGGCGTGAAATCCAATGGCTTAACCATTGAACTGCGCTTGAAACTGGGAGTCTAGAGTTCAGAAGGGGCAGATGGAATTAGTGGTGTAGGGGTAAAATCCGTAGATATCACTAGGAATATCAAAAGCGAAGGCGATCTGCTGGGATGATACTGACGCTGAGGCACGAAAGCGTGGGGAGCAAACAGGATTAGATACCCTGGTAGTCCACGCCCTAAACGATGAATGCTAGTCGTCGGGGAGCTCGTCTCTTCGGTGATGCACTTAACAGATTAAGCATTCCGCCTGGGGAGTACGGTCGCAAGATTAAAACTCAAAGGAATAGACGGGGACCCGCACAAGTGGTGGAGCATGTGGTTTAATTCGAAGATACACGAAGAACCTTACCTGGCCTTGACATGGTAGGAACCCTTAAGAGATTAGGGGGTGCTAGCTTGCTAGAACCTACACACAGGTGCTGCACGGCCGTCGTCAGCTCGTGTCGTGAGATGTTGGGTTAAGTCCCGCAACGAGCGCAACCCTCGTCCTTAGTTGCTAACAGTTCGGCTGAGCACTCTAAGGAGACTGCCTTCGCAAGGAGGAGGAAGGTGAGGACGACGTCAAGTCATCATGGCCCTTACGGCCAGGGCTACACACGTGCTACAATGGGGCGTACAAAGAGCTGCAATACCGCGAGGTGGAGCCAATCTCTTAAAGCGTCTCTCAGTTCGGATTGTTCTCTGCAACTCGAGAACATGAAGCTGGAATCACTAGTAATCGTAGATCAGCTATGCTACGGTGAATACGTTCCCGGGTCTTGTACTCACCGCCCGTCACACCATGGGAGTTGATTTCACCCGAAATCGGGATGCCAAACTGGCTACCGCTTACGGTGGAATTAGCGACTGGGGTGAAGTCGTAACAAGGTAACCGTAGGAGAACCTGCGGTTGGATCACCTCCTTTCT
GCF_900099695.1,97_31085,Propionivibrio,Bacteria,Pseudomonadota,Betaproteobacteria,Rhodocyclales,Rhodocyclaceae,GGCTCAGATTGAACGCTGGCGGCATGCCTTACACATGCAAGTCGAACGGCAGCACGGGTGCTTGCACCTGGTGGCGAGTGGCGAACGGGTGAGTAATGCATCGGAACGTACCCGGAAGTGGGGGATAACGTAGCGAAAGTTACGCTAATACCGCATATTCTGTGAGCAGGAAAGCGGGGGATCTTCGGACCTCGTGCTTTCGGAGCGGCCGATGTCGGATTAGCTAGTTGGTGAGGTAAAGGCTCACCAAGGCGACGATCCGTAGCGGGTCTGAGAGGATGATCCGCCACACTGGGACTGAGACACGGCCCAGACTCCTACGGGAGGCAGCAGTGGGGAATTTTGGACAATGGGGGCAACCCTGATCCAGCCATGCCGCGTGAGTGAAGAAGGCCTTCGGGTTGTAAAGCTCTTTTGTCAGGGAAGAAATGGTCTGGGCTAATACCCTGGGCAGATGACGGTACCTGAAGAATAAGCACCGGCTAACTACGTGCCAGCAGCCGCGGTAATACGTAGGGTGCGAGCGTTAATCGGAATTACTGGGCGTAAAGCGTGCGCAGGCGGTTTTGTAAGTCAGATGTGAAATCCCCGGGCTCAACCTGGGAACTGCATTTGAGACTGCAAGGCTAGAGTGTAGCAGAGGGGGGTAGAATTCCACGTGTAGCAGTGAAATGCGTAGAGATGTGGAGGAATACCGATGGCGAAGGCAGCCCCCTGGGCTACTACTGACGCTCATGCACGAAAGCGTGGGGAGCAAACAGGATTAGATACCCTGGTAGTCCACGCCCTAAACGATGTCAACTGGATGTTGGAAGGGTTAAACCTTTTAGTGTCGTAGCTAACGCGTGAAGTTGACCGCCTGGGGAGTACGGCCGCAAGGCTAAAACTCAAAGGAATTGACGGGGACCCGCACAAGCGGTGGATGATGTGGATTAATTCGATGCAACGCGAAAAACCTTACCTACCCTTGACATGTCAGGAACCCTGGAGAGATCTGGGGGTGCCCGAAAGGGAGCCTGAACACAGGTGCTGCATGGCTGTCGTCAGCTCGTGTCGTGAGATGTTGGGTTAAGTCCCGCAACGAGCGCAACCCTTGTCGTTAATTGCCATCATTAAGTTGGGCACTTTAATGAGACTGCCGGTGACAAACCGGAGGAAGGTGGGGATGACGTCAAGTCCTCATGGCCCTTATGGGTAGGGCTTCACACGTCATACAATGGTCGGTTCAGAGGGTTGCCAACCCGCGAGGGGGAGCTAATCTCAGAAAGCCGATCGTAGTCCGGATTGCAGTCTGCAACTCGACTGCATGAAGTCGGAATCGCTAGTAATCGCGGATCAGCATGCCGCGGTGAATACGTTCCCGGGTCTTGTACACACCGCCCGTCACACCATGGGAGCGGGTTCTGCCAGAAGTAGTTAGCCTAACCGCAAGGGGGGCGATTACCACGGCAGGGTTCGTGACTGGGGTGAAGTCGTAACAAGGTAGCCGTAGGGG
GCF_000518645.1,97_2998,Curvibacter,Bacteria,Pseudomonadota,Betaproteobacteria,Burkholderiales,Comamonadaceae,AATCCTGGTGGCGAGTGGCGAACGGGTGAGTAAAGTATCGGAACGTGCCCAGTCGTGGGGGATAACGTAGCGAAAGTTACGCTAATACCGCATACGATCTATGGATGAAAGCGGGGGATCGCAAGACCTCGCGCGATTGGAGCGGCCGATATCAGATTAGGTAGTTGGTGGGGTAAAGGCTCACCAAGCCGACGATCTGTAGCTGGTCTGAGAGGACGACCAGCCACACTGGGACTGAGACACGGCCCAGACTCCTACGGGAGGCAGCAGTGGGGAATTTTGGACAATGGGCGCAAGCCTGATCCAGCCATGCCGCGTGCAGGATGAAGGCCTTCGGGTTGTAAACTGCTTTTGTACGGAACGAAAAGGTTTGACTTAATACGTTGGACTCATGACGGTACCGTAAGAATAAGCACCGGCTAACTACGTGCCAGCAGCCGCGGTAATACGTAGGGTGCGAGCGTTAATCGGAATTACTGGGCGTAAAGCGTGCGCAGGCGGTTATGTAAGACAGATGTGAAATCCCCGGGCTCAACCTGGGAACTGCATTAGTGACTGCATAGCTGGAGTACGGCAGAGGGGGATGGAATTCCGCGTGTAGCAGTGAAATGCGTAGATATGCGGAGGAACACCGATGGCGAAGGCAATCCCCTGGGCCTGTACTGACGCTCATGCACGAAAGCGTGGGGAGCAAACAGGATTAGATACCCTGGTAGTCCACGCCCTAAACGATGTCAACTGGTTGTTGGGTCTTCACTGACTCAGTAACGAAGCTAACGCGTGAAGTTGACCGCCTGGGGAGTACGGCCGCAAGGTTGAAACTCAAAGGAATTGACGGGGACCCGCACAAGCGGTGGATGATGTGGTTTAATTCGATGCAACGCGAAAAACCTTACCCACCTTTGACATGTACGGAAGTTACCAGAGATGGTTTCGTGCTCGAAAGAGAACCGTAACACAGGTGCTGCATGGCTGTCGTCAGCTCGTGTCGTGAGATGTTGGGTTAAGTCCCGCAACGAGCGCAACCCTTGTCATTAGTTGCTACGAAAGGGCACTCTAATGAGACTGCCGGTGACAAACCGGAGGAAGGTGGGGATGACGTCAAGTCCTCATGGCCCTTATAGGTGGGGCTACACACGTCATACAATGGCTGGTACAGAGGGTTGCCAACCCGCGAGGGGGAGCTAATCCCATAAAACCAGTCGTAGTCCGGATCGCAGTCTGCAACTCGACTGCGTGAAGTCGGAATCGCTAGTAATCGCGGATCAGAATGTCGCGGTGAATACGTTCCCGGGTCTTGTACACACCGCCCGTCACACCATGGGAGCGGGTTCTGCCAGAAGTAGTTAGCCTAACCGCAAGGAGGGCGATTACCACGGCAGGGTTCGTGACTGGGGTGAAGTCGTAACAAGGTAGCCGTATCGGAAGGTGCGGCTGGATCACCTCCTTTCT
GCF_004217225.1,97_2968,Azospira,Bacteria,Pseudomonadota,Betaproteobacteria,Rhodocyclales,Rhodocyclaceae,GAGATTAAACTGAAGAGTTTGATCCTGGCTCAGATTGAACGCTGGCGGCATGCCTTACACATGCAAGTCGAACGGCAGCACGGGAGCTTGCTCCTGGTGGCGAGTGGCGAACGGGTGAGTAATACATCGGAACGTACCCAGGAGTGGGGGATAACGTAGCGAAAGTTACGCTAATACCGCATATTCTGTGAGCAGGAAAGCGGGGGATCGCAAGACCTCGCGCTCTTGGAGCGGCCGATGTCGGATTAGCTAGTTGGTGAGGTAAAAGCTCACCAAGGCGACGATCCGTAGCAGGTCTGAGAGGATGATCTGCCACACTGGGACTGAGACACGGCCCAGACTCCTACGGGAGGCAGCAGTGGGGAATTTTGGACAATGGGGGCAACCCTGATCCAGCCATGCCGCGTGAGTGAAGAAGGCCTTCGGGTTGTAAAGCTCTTTCGGCGGGGAAGAAATGGCAACGGCTAATATCCGTTGTTGATGACGGTACCCGCATAAGAAGCACCGGCTAACTACGTGCCAGCAGCCGCGGTAATACGTAGGGTGCGAGCGTTAATCGGAATTACTGGGCGTAAAGCGTGCGCAGGCGGTTTCGTAAGACAGACGTGAAATCCCCGGGCTCAACCTGGGAACTGCGTTTGTGACTGCGAGGCTAGAGTACGGCAGAGGGGGGTAGAATTCCACGTGTAGCAGTGAAATGCGTAGAGATGTGGAGGAATACCGATGGCGAAGGCAGCCCCCTGGGTTAGTACTGACGCTCATGCACGAAAGCGTGGGGAGCAAACAGGATTAGATACCCTGGTAGTCCACGCCCTAAACGATGTCAACTAGGTGTTGGAAGGGTTAAACCTTTTAGTACCGCAGCTAACGCGTGAAGTTGACCGCCTGGGGAGTACGGCCGCAAGGTTAAAACTCAAAGGAATTGACGGGGACCCGCACAAGCGGTGGATGATGTGGATTAATTCGATGCAACGCGAAAAACCTTACCTACCCTTGACATGCCAGGAACTTTCCAGAGATGGATTGGTGCCCGAAAGGGAGCCTGGACACAGGTGCTGCATGGCTGTCGTCAGCTCGTGTCGTGAGATGTTGGGTTAAGTCCCGCAACGAGCGCAACCCTTGTCATTAATTGCCATCATTCAGTTGGGCACTTTAATGAGACTGCCGGTGACAAACCGGAGGAAGGTGGGGATGACGTCAAGTCCTCATGGCCCTTATGGGTAGGGCTTCACACGTCATACAATGGTCGGTACAGAGGGTTGCCAAGCCGCGAGGTGGAGCCAATCCCAGAAAGCCGATCGTAGTCCGGATCGCAGTCTGCAACTCGACTGCGTGAAGTCGGAATCGCTAGTAATCGCGGATCAGCATGTCGCGGTGAATACGTTCCCGGGTCTTGTACACACCGCCCGTCACACCATGGGAGTGGGTTCTACCAGAAGTAGTTAGCCTAACCGTAAGGAGGGCGATTACCACGGTAGGATTCATGACTGGGGTGAAGTCGTAACAAGGTAGCCGTATCGGAAGGTGCGGCTGGATCACCTCCTTTCTA
GCF_002222655.1,97_27384,Vitreoscilla,Bacteria,Pseudomonadota,Betaproteobacteria,Neisseriales,Neisseriaceae,AGATCGAACTGAAGAGTTTGATCCTGGCTCAGATTGAACGCTGGCGGCATGCCTTACACATGCAAGTCGAACGGTAACGCGGGGCAACCTGGCGACGAGTGGCGAACGGGTGAGTAATGCATCGGAACGTGCCCAGTAGTGGGGGATAGCCCGGCGAAAGCCGGATTAATACCGCATACGACCTGAGGGTGAAAGGGGGGGATCGCAAGACCTCTCGCTATTGGAGCGGCCGATGTCAGATTAGGTAGTTGGTGGGGTAAAGGCCTACCAAGCCGACGATCTGTAGCTGGTCTGAGAGGACGACCAGCCACACTGGGACTGAGACACGGCCCAGACTCCTACGGGAGGCAGCAGTGGGGAATTTTGGACAATGGGCGCAAGCCTGATCCAGCCATGCCGCGTGCGGGAAGAAGGCCTTCGGGTTGTAAACCGCTTTTGTCAGGGAAGAAATCTTCTGGGTTAATACCTCGGGAGGATGACGGTACCTGAAGAATAAGCACCGGCTAACTACGTGCCAGCAGCCGCGGTAATACGTAGGGTGCAAGCGTTAATCGGAATTACTGGGCGTAAAGCGTGCGCAGGCGGTTTTGTAAGACAGAGGTGAAATCCCCGGGCTCAACCTGGGAACTGCCTTTGTGACTGCAAGGCTTGAGTGCGGCAGAGGGGGATGGAATTCCGCGTGTAGCAGTGAAATGCGTAGATATGCGGAGGAACACCGATGGCGAAGGCAATCCCCTGGGCCTGCACTGACGCTCATGCACGAAAGCGTGGGGAGCAAACAGGATTAGATACCCTGGTAGTCCACGCCCTAAACGATGTCAACTGGTTGTTGGGAAGGTTCCTTCTCAGTAACGTAGCTAACGCGTGAAGTTGACCGCCTGGGGAGTACGGCCGCAAGGTTGAAACTCAAAGGAATTGACGGGGACCCGCACAAGCGGTGGATGATGTGGTTTAATTCGATGCAACGCGAAAAACCTTACCTACCCTTGACATGGCAGGAATCCTGAAGAGATTTGGGAGTGCTCGAAAGAGAACCTGCACACAGGTGCTGCATGGCCGTCGTCAGCTCGTGTCGTGAGATGTTGGGTTAAGTCCCGCAACGAGCGCAACCCTTGTCATTAGTTGCTACGAAAGGGCACTCTAATGAGACTGCCGGTGACAAACCGGAGGAAGGTGGGGATGACGTCAGGTCCTCATGGCCCTTATGGGTAGGGCTACACACGTCATACAATGGCCGGTACAGAGGGCTGCCAACCCGCGAGGGGGAGCCAATCCCAGAAAACCGGTCGTAGTCCGGATCGCAGTCTGCAACTCGACTGCGTGAAGTCGGAATCGCTAGTAATCGCGGATCAGCTTGCCGCGGTGAATACGTTCCCGGGTCTTGTACACACCGCCCGTCACACCATGGGAGCGGGTTCTGCCAGAAGTAGTTAGCCTAACCGCAAGGAGGGCGATTACCACGGCAGGGTTCGTGACTGGGGTGAAGTCGTAACAAGGTAGCCGTATCGGAAGGTGCGGCTGGATCACCTCCTTTCT
GCF_000007105.1,97_259,Zymomonas,Bacteria,Pseudomonadota,Alphaproteobacteria,Sphingomonadales,Zymomonadaceae,AACTTGAGAGTTTGATTCTGGCTCAGAACGAACGCTGGCGGCATGCTTAACACATGCAAGTCGAACGAAGGCTTCGGCCTTAGTGGCGCACGGGTGCGTAACGCGTGGGAATCTGCCTTCAGGTACGGAATAACTAGGGGAAACTCGAGCTAATACCGTATGATATCGAGAGATCAAAGATTTATCGCCTGAAGATGAGCCCGCGTTGGATTAGCTAGTTGGTAGGGTAAAGGCTTACCAAGGCGACGATCCATAGCTGGTCTGAGAGGATGATCAGCCACACTGGGACTGAGACACGGCCCAGACTCCTACGGGAGGCAGCAGTGGGGAATATTGGACAATGGGGGAAACCCTGATCCAGCAATGCCGCGTGAGTGAAGAAGGCCTTAGGGTTGTAAAGCTCTTTTACCCGGGATGATAATGACAGTACCGGGAGAATAAGCTCCGGCTAACTCCGTGCCAGCAGCCGCGGTAATACGGAGGGAGCTAGCGTTGTTCGGAATTACTGGGCGTAAAGCGTACGTAGGCGGTTTAATAAGTCAGGGGTGAAAGCCCAGAGCTCAACTCTGGAACTGCCTTTGAGACTGTTAGACTAGAACATAGAAGAGGTAAGTGGAATTCCGAGTGTAGAGGTGAAATTCGTAGATATTCGGAAGAACACCAGTGGCGAAGGCGACTTACTGGTCTATAGTTGACGCTGAGGTACGAAAGCGTGGGTAGCAAACAGGATTAGATACCCTGGTAGTCCACGCCGTAAACGATGATAACTAGCTGTCCGGGTACATGGTATCTGGGTGGCGGAGCTAACGCATTAAGTTATCCGCCTGGGGAGTACGGTCGCAAGATTAAAACTCAAAGAAATTGACGGGGGCCTGCACAAGCGGTGGAGCATGTGGTTTAATTCGAAGCAACGCGCAGAACCTTACCAGCGTTTGACATCCTGATCGCGGAAAGTGGAGACACATTCTTTCAGTTCGGCTGGATCAGAGACAGGTGCTGCATGGCTGTCGTCAGCTCGTGTCGTGAGATGTTGGGTTAAGTCCCGCAACGAGCGCAACCCTCACCTCTAGTTGCCATCATTAAGTTGGGCACTTTAGAGGAACTGCCGGTGATAAGCCGGAGGAAGGTGGGGATGACGTCAAGTCCTCATGGCCCTTACGCGCTGGGCTACACACGTGCTACAATGGCGGTGACAGAGGGCCGCAAGCCTGCAAAGGTTAGCTAATCTCAAAAAGCCGTCTCAGTTCGGATTGTTCTCTGCAACTCGAGAGCATGAAGGCGGAATCGCTAGTAATCGCGGATCAGCATGCCGCGGTGAATACGTTCCCAGGCCTTGTACACACCGCCCGTCACACCATGGGAGTTGGATTCACCCGAAGGCGCTGCGCTAACCCGCAAGGGAGGCAGGCGACCACGGTGGGTTTAGCGACTGGGGTGAAGTCGTAACAAGGTAGCCGTAGGGGAACCTGCGGCTGGATCACCTCCTTTCTAAGG
GCF_000309385.1,97_2547,Nodosilinea,Bacteria,Cyanobacteriota,Cyanophyceae,Pseudanabaenales,Prochlorotrichaceae,AACATGGAGAGTTTGATCCTGGCTCAGGATGAACGCTGGCGGCGTGCTTAACACATGCAAGTCGAACGGACCCTTCGGGGTTAGTGGCGGACGGGTGAGTAACGCGTGAGGATCTGCCCTTAGGAGGGGAACAACAGTTGGAAACGACTGCTAATGCCCCATATGCCGAGAGGTGAAATGTAATTCGCCTGAGGATGAACTCGCGTCTGATTAGCTAGTTGGTGAGGTAAGGGCTCACCAAGGCGACGATCAGTAGCTGGTCTAAGAGGATGATCAGCCACACTGGGACTGAGACACGGCCCAGACTCCTACGGGAGGCAGCAGTGGGGAATTTTCCGCAATGGGCGAAAGCCTGACGGAGCAACGCCGCGTGAGGGAGGAAGGCCTTAGGGTTGTAAACCTCTTTTCTCTGGGAAGAAGATCTGACGGTACCAGAGGAATAAGCCTCGGCTAACTCCGTGCCAGCAGCCGCGGTAAGACGGAGGAGGCAAGCGTTATCCGGAATTATTGGGCGTAAAGCGTCCGCAGGCGGTTTTTTAAGTCTGTTGTCAAAGCCCACAGCTCAACTGTGGATCGGCAATGGAAACTGGGAGACTAGAGTGTGGTAGGGGTAGAGGGAATTCCCGGTGTAGCGGTGAAATGCGTAGATATCGGGAAGAACACCAGTGGCGAAGGCGCTCTACTGGGCCACAACTGACGCTGAGGGACGAAAGCTAGGGGAGCGAAAGGGATTAGATACCCCTGTAGTCCTAGCTGTAAACGATGGATACTAGGTGTTGGACGTATCGACCCGTGCAGTACCGTAGCTAACGCGTTAAGTATCCCGCCTGGGGAGTACGCACGCAAGTGTGAAACTCAAAGGAATTGACGGGGGCCCGCACAAGCGGTGGAGGATGTGGTTTAATTCGATGCAACGCGAAGAACCTTACCAAGGCTTGACATGTCGCGAATCTTTCAGAGATGAGAGAGTGCCTTCGGGAGCGCGAACACAGGTGGTGCATGGCTGTCGTCAGCTCGTGTCGTGAGATGTTGGGTTAAGTCCCGCAACGAGCGCAACCCTCGTTTTTAGTTGCCATCATTAAGTTGGGCACTCTAAAGAGACTGCCGGGGACAACTCGGAGGAAGGTGGGGACGACGTCAAGTCATCATGCCCCTTACGTCTTGGGCTACACACGTCCTACAATGCTACAGACAGAGGGCAGCAAGCGCGCGAGTGCAAGCAAATCCCATAAACTGTGGCTCAGTTCAGATTGCAGGCTGCAACTCGCCTGCATGAAGGCGGAATCGCTAGTAATCGCAGGTCAGCATACTGCGGTGAATACGTTCCCGGGCCTTGTACACACCGCCCGTCACACCATGGGAGTTGGCCACGCCCGAAGTCGTTACTCTAACCGTTCGCGGAGGAGGGCGCCGAAGGCAGGGCTGATGACTGGGGTGAAGTCGTAACAAGGTAGCCGTACCGGAAGGTGTGGCTGGATCACCTCCTTT
GCF_003201855.1,97_2177,Rivicola,Bacteria,Pseudomonadota,Betaproteobacteria,Neisseriales,Neisseriaceae,AGAGATTGAACTGAAGAGTTTGATCCTGGCTCAGATTGAACGCTGGCGGCATGCTTTACACATGCAAGTCGAACGGCAGCACGGGTGCTTGCACCTGGTGGCGAGTGGCGAACGGGTGAGTAATGCATCGGAACGTACCTATCAGTGGGGGATAACACATCGAAAGATGTGCTAATACCGCATATTATCCGAGGATGAAAGCGGGGGACCTTAGGGCCTCGCGCTGATAGAGCGGCCGATGTCGGATTAGCTAGTTGGTGAGGTAAAGGCTCACCAAGGCGACGATCCGTAGCGGGTCTGAGAGGATGATCCGCCACACTGGGACTGAGACACGGCCCAGACTCCTACGGGAGGCAGCAGTGGGGAATTTTGGACAATGGGCGAAAGCCTGATCCAGCCATGCCGCGTGAGTGAAGAAGGCCTTCGGGTTGTAAAGCTCTTTTGTCCGGGAGGAAATCCTGACCCCTAATACGGGTCGGGGATGACAGTACTGGAAGAATAAGCACCGGCTAACTACGTGCCAGCAGCCGCGGTAATACGTAGGGTGCAAGCGTTAATCGGAATTACTGGGCGTAAAGCGTGCGCAGGCGGTTTTGTAAGCCAGATGTGAAATCCCCGAGCTTAACTTGGGAACTGCGTTTGGAACTGCAAGACTAGAGTGTGTCAGAGGGGGGTAGAATTCCACGTGTAGCAGTGAAATGCGTAGAGATGTGGAGGAATACCGATGGCGAAGGCAGCCCCCTGGGATAACACTGACGCTCATGCACGAAAGCGTGGGGAGCAAACAGGATTAGATACCCTGGTAGTCCACGCCCTAAACGATGTCTACTAGTTGTCGGGAGAGGAATCTCTTGGTAACGCAGCTAACGCGTGAAGTAGACCGCCTGGGGAGTACGGTCGCAAGATTAAAACTCAAAGGAATTGACGGGGGCCCGCACAAGCGGTGGATGATGTGGATTAATTCGATGCAACGCGAAAAACCTTACCTGGTCTTGACATGTAGCGAATCCTGCAGAGACGCAGGAGTGCCCGAAAGGGAACGCTAACACAGGTGCTGCATGGCTGTCGTCAGCTCGTGTCGTGAGATGTTGGGTTAAGTCCCGCAACGAGCGCAACCCTTGCCATTAGTTGCCATCATTAAGTTGGGCACTTTAATGGGACTGCCGGTGACAAACCGGAGGAAGGTGGGGATGACGTCAAGTCCTCATGGCCCTTATGACCAGGGCTTCACACGTCATACAATGGTCGGTACAGAGGGTTGCCAAGCCGCGAGGTGGAGCTAATCTCATAAAACCGATCGTAGTCCGGATCGCAGTCTGCAACTCGACTGCGTGAAGTCGGAATCGCTAGTAATCGCGGATCAGCATGTCGCGGTGAATACGTTCCCGGGCCTTGTACACACCGCCCGTCACACCATGGGAGTGGGGGATACCAGAAGTGGGTAGGCTAACCGCAAGGAGGCCGCTTACCACGGTATGCTTCATGACTGGGGTGAAGTCGTAACAAGGTAGCCGTAGGGGAACCTGCGGCTGGATCACCTCCTTTCT
GCF_002995745.1,97_2106,Clostridium,Bacteria,Bacillota,Clostridia,Eubacteriales,Clostridiaceae,ACGAACGCTGGCGGCGTGCTTAACACATGCAAGTCGAGCGATGAAGCTTCTTCGGAAGCGGATTAGCGGCGGACGGGTGAGTAACACGTGGGCAACCTGCCCTATAGAGGGGAATAGCCTTCCGAAAGGAAGATTAATACCCCATAAGATTGTAGTTTCACATGGAACAGCAATTAAAGGAGCAATCCGCTATAGGATGGGCCCGCGGCGCATTAGCTAGTTGGTGAGGTAACGGCTCACCAAGGCGACGATGCGTAGCCGACCTGAGAGGGTGATCGGCCACATTGGGACTGAGACACGGCCCAGACTCCTACGGGAGGCAGCAGTGGGGAATATTGCACAATGGGGGAAACCCTGATGCAGCAACGCCGCGTGAGTGATGAAGGCCTTCGGGTTGTAAAGCTCTGTCTTTGGGGACGATAATGACGGTACCCAAGGAGGAAGCCACGGCTAACTACGTGCCAGCAGCCGCGGTAATACGTAGGTGGCAAGCGTTGTCCGGATTTACTGGGCGTAAAGGGAGCGTAGGCGGATTTTTAAGTGGGATGTGAAATACTCGGGCTCAACCTGAGTGCTGCATTCCAAACTGGAAGTCTAGAGTACAGGAGGGGAAAGTGGAATTCCTAGTGTAGCGGTGAAATGCGTAGATATTAGGAAGAACACCGGTGGCGAAGGCGACTTTCTGGACTGTAACTGACGCTGAGGCTCGAAAGCGTGGGGAGCGAACAGGATTAGATACCCTGGTAGTCCACGCCGTAAACGATGAATACTAGGTGTGGGGGTTGTCATGACCTCCGTGCCGCCGCTAACGCATTAAGTATTCCGCCTGGGGAGTACGGTCGCAAGATTAAAACTCAAAGGAATTGACGGGGGCCCGCACAAGCAGCGGAGCATGTGGTTTAATTCGAAGCAACGCGAAGAACCTTACCTAGACTTGACATCTCCTGCATTACCCTTAATCGGGGAAGTCCTTTCGGGGACAGGAAGACAGGTGGTGCATGGTTGTCGTCAGCTCGTGTCGTGAGATGTTGGGTTAAGTCCCGCAACGAGCGCAACCCTTATTGTTAGTTGCTACCATTTAGTTGAGCACTCTAGCGAGACTGCCCGGGTTAACCGGGAGGAAGGTGGGGATGACGTCAAATCATCATGCCCCTTATGTCTAGGGCTACACACGTGCTACAATGGCCGGTACAAAGAGACGCAATACCGCAAGGTGGAGCCAAACTATAAAACCGGTCTCAGTTCGGATTGCAGGCTGAAACTCGCCTGCATGAAGCTGGAGTTGCTAGTAATCGCGAATCAGAATGTCGCGGTGAATACGTTCCCGGGCCTTGTACACACCGCCCGTCACACCACGAGAGTTGGCAATACCCAAAGTTGGTGATCTAACCCGCAAGGGAGGAAGCCACCTAAGGTAGGGTCAGCGATTGGGGTGAAGTCGTAACAAGGTAGCCGTAGGAGAA
GCF_003851125.1,97_16290,Sulfuriferula,Bacteria,Pseudomonadota,Betaproteobacteria,Nitrosomonadales,Sulfuricellaceae,TTGAACGCTGGCGGAATGCTTTACACATGCAAGTCGAACGGCAGCACGGGAGCTTGCTCCTGGTGGCGAGTGGCGAACGGGTGAGTAACACGTCGGAACGTATCCATGTAATGGGGGATAACGCAGCGAAAGCTGTGCTAATACCGCATACGCCCTACGGGGGAAAGCAGGGGATCCTCGGACCTTGCGTTATTGGAGCGGCCGACGTCTGATTAGCTAGTTGGTGGGGTAAAGGCCTACCAAGGCGACGATCAGTAGCTGGTCTGAGAGGATGATCAGCCACACTGGAACTGAGACACGGTCCAGACTCCTACGGGAGGCAGCAGTGGGGAATTTTGGACAATGGGCGCAAGCCTGATCCAGCCATTCCGCGTGAGTGAAGAAGGCCTTCGGGTTGTAAAGCTCTTTCAGCAGGGAAGAAACGATCTTGGCTAATACCTGAGATTAATGACGGTACCTGAAGAAGAAGCACCGGCTAACTACGTGCCAGCAGCCGCGGTAATACGTAGGGTGCGAGCGTTAATCGGAATTACTGGGCGTAAAGCGTGCGCAGGCGGTTTTTCAAGTCTGATGTGAAAGCCCCGGGCTTAACCTGGGAACTGCGTTGGAAACTGAAAGACTAGAGTGCGGCAGAGGGGGGTAGAATTCCACGTGTAGCAGTGAAATGCGTAGATATGTGGAGGAATACCGATGGCGAAGGCAGCCCCCTGGGTCGACACTGACGCTCATGCACGAAAGCGTGGGTAGCAAACAGGATTAGATACCCTGGTAGTCCACGCCCTAAACGATGTCAACTAGTTGTTGGGGAGGGAGACCTCCTTAGTAACGCAGCTAACGCGTGAAGTTGACCGCCTGGGGAGTACGGTCGCAAGATTAAAACTCAAAGGAATTGACGGGGGCCCGCACAAGCGGTGGATTATGTGGATTAATTCGATGCAACGCGAAAAACCTTACCTACCCTTGACATGTACGGAACTTGCCAGAGATGGCTTGGTGCTCGAAAGAGAGCCGTAACACAGGTGCTGCATGGCTGTCGTCAGCTCGTGTCGTGAGATGTTGGGTTAAGTCCCGCAACGAGCGCAACCCTTGCCATTAGTTGCTACATTCAGTTGGGCACTCTAATGGGACTGCCGGTGACAAACCGGAGGAAGGTGGGGATGACGTCAAGTCCTCATGGCCCTTATGGGTAGGGCTTCACACGTAATACAATGGTCGGTACAGAGGGTTGCCAACCCGCGAGGGGGAGCCAATCCCAGAAAGCCGATCGTAGTCCGGATCGGAGTCTGCAACTCGACTCCGTGAAGTCGGAATCGCTAGTAATCGCGGATCAGCATGTCGCGGTGAATACGTTCCCGGGCCTTGTACACACCGCCCGTCACACCATGGGAGTGGGTATTACCAGAAGCAGGTAGCTTAACCTTCGGGAGGGCGCTTGCCACGGTAGGATTCATGACTGGGGTGAAGTCGTAACAAGGTAGCCGTAGGGGAACC
GCF_000495435.3,97_1230,Youngiibacter,Bacteria,Bacillota,Clostridia,Eubacteriales,Clostridiaceae,TTTCTCTTTAGCGGCGGACGGGTGAGTAACACGTGGGTAACCTGCCTCAAAGAGGGGGATAGCCTTCCGAAAGGAAGATTAATACCGCATAATATCAGGAAGCTGCATGGCATTCTGATCAAAGGAGCAATCCGCTTTGAGATGGACCCGCGGCGCATTAGCTAGTTGGTGAGGTAACGGCCCACCAAGGCGACGATGCGTAGCCGACCTGAGAGGGTGATCGGCCACATTGGAACTGAGACACGGTCCAGACTCCTACGGGAGGCAGCAGTGGGGAATATTGCACAATGGGGGAAACCCTGATGCAGCAACGCCGCGTGAGTGATGAAGGCCTTCGGGTCGTAAAGCTCTTTGATCAGGGACGATAATGACGGTACCTGAAAAACAAGCCACGGCTAACTACGTGCCAGCAGCCGCGGTAATACGTAGGTGGCGAGCGTTGTCCGGATTTACTGGGCGTAAAGAATGCGTAGGTGGATATTTAAGTGGGATGTGAAATCCCCGGGCTCAACCCGGGAACTGCATACCAAACTGGATATCTGGAGTGCAGGAGAGGAAAGCGGAATTCCTAGTGTAGCGGTGAAATGCGTAGATATTAGGAGGAACACCAGTGGCGAAGGCGGCTTTCTGGACTGTAACTGACACTGAGGCATGAAAGCGTGGGGAGCAAACAGGATTAGATACCCTGGTAGTCCACGCCGTAAACTATGGGTACTAGGTGTAGGGGGTATCGACTCCCCCTGTGCCGCCGTTAACACAATAAGTACCCCGCCTGGGGAGTACGGTCGCAAGACTAAAACTCAAAGGAATTGACGGGGGCCCGCACAAGCAGCGGAGCATGTGGTTTAATTCGAAGCAACGCGAAGAACCTTACCTAGACTTGACATCTCCTGAATTACCCGTAACTGGGGAAGCTCTTCGGAGCAGGAAGACAGGTGGTGCATGGTTGTCGTCAGCTCGTGTCGTGAGATGTTGGGTTAAGTCCCGCAACGAGCGCAACCCTTATCGTTAGTTGCTACCATTAGGTTGAGCACTCTAGCGAGACTGCCCGGGTTAACCGGGAGGAAGGTGGGGATGACGTCAAATCATCATGCCCCTTATGTCTAGGGCTACACACGTGCTACAATGGTGAGAACAAAGAGAGGCAAGACCGCGAGGTGGAGCAAATCTCACAAAACTCATCCCAGTTCGGATTGCAGGCTGAAACTCGCCTGCATGAAGCCGGAGTTGCTAGTAATCGCGAATCAGCATGTCGCGGTGAATACGTTCCCGGGCCTTGTACACACCGCCCGTCACACCATGAGAGTTGGCAATACCCGAAGTCCGTGGGGTAACCTTAACAGGAGCCAGCGGCCGAAGGTAGGGTCAGCGATTGGGGTGAAGTCGTAACAAGGTAGCCGTAGGAGAACCTGCGGCTGGATCACCTCCTTTCTAGGG
GCF_003315135.1,97_11378,Roseiarcus,Bacteria,Pseudomonadota,Alphaproteobacteria,Hyphomicrobiales,Roseiarcaceae,AGTTTGATCATGGCTCAGAACGAACGCTGGCGGCAGGCTTAACACATGCAAGTCGAGCGCCCCGCAAGGGGAGCGGCAGACGGGTGAGTAACGCGTGGGAACATACCCCTTGGTTCGGAATAACTCAGGGAAACTTGAGCTAATACCGGATACGGCAGAGATGCGAAAGATTTATCGCCGAGGGATTGGCCCGCGTCCGATTAGCTAGTTGGTGAGGTAACGGCTCACCAAGGCGACGATCGGTAGCTGGTCTGAGAGGATGATCAGCCACATTGGGACTGAGACACGGCCCAAACTCCTACGGGAGGCAGCAGTGGGGAATATTGGACAATGGGCGCAAGCCTGATCCAGCCATGCCGCGTGAGTGATGACGGCCTTAGGGTTGTAAAGCTCTTTCGCCAGGGACGATAATGACGGTACCTGGATAAGAAGCCCCGGCTAACTTCGTGCCAGCAGCCGCGGTAATACGAAGGGGGCTAGCGTTGTTCGGAATTACTGGGCGTAAAGCGCGTGTAGGCGGGTCTTTAAGTCAGGGGTGAAATGCCAAGGCTCAACCTTGGAACTGCCTTTGATACTGGAGATCTTGAGTCCGGGAGAGGTGAGTGGAACTGCGAGTGTAGAGGTGAAATTCGTAGATATTCGCAAGAACACCAGTGGCGAAGGCGGCTCACTGGCCCGGAACTGACGCTGAGACGCGAAAGCGTGGGGAGCAAACAGGATTAGATACCCTGGTAGTCCACGCTGTAAACGATGGATGCTAGCCGTTGGGGAGCTTGCTCTTCAGTGGCGCAGCTAACGCTTTAAGCATCCCGCCTGGGGAGTACGGTCGCAAGATTAAAACTCAAAGGAATTGACGGGGGCCCGCACAAGCGGTGGAGCATGTGGTTTAATTCGAAGCAACGCGCAGAACCTTACCAGCTTTTGACATGTCCTGGACGGATTGCAGAGATGCGATCTTCCCTTCGGGGCCGGGAACACAGGTGCTGCATGGCTGTCGTCAGCTCGTGTCGTGAGATGTTGGGTTAAGTCCCGCAACGAGCGCAACCCTCGCCCTTAGTTGCCATCATTCAGTTGGGCACTCCAGGGGGACTGCCGGTGATAAGCCGGAGGAAGGTGGGGATGACGTCAAGTCCTCATGGCCCTTACAGGCTGGGCTACACACGTGCTACAATGGCGGTGACAGAGGGATGCGAAGGGGCGACCCCTGGCAAATCTCAAAAAGCCGTCTCAGTTCGGATTGCACTCTGCAACTCGAGTGCATGAAGTTGGAATCGCTAGTAATCGCGGATCAGCACGCCGCGGTGAATACGTTCCCGGGCCTTGTACACACCGCCCGTCACACCATGGGAGTTGGTTTTACCCGAAGACGGCGCGCTAACCGCCAAGGAGGCAGCCGGC
GCF_007991775.1,97_8697,Skermanella,Bacteria,Pseudomonadota,Alphaproteobacteria,Rhodospirillales,Azospirillaceae,AGTAGAGTTTGATCCTGGCTCAGAACGAACGCTGGCGGCATGCCTAACACATGCAAGTCGAACGAGGGCTTCGGCCCTAGTGGCGCACGGGTGAGTAACGCGTGGGAACCTGCCCTGTGGTACGGAATAACTCCGGGAAACTGGAGCTAATACCGTATGTGTCTTGAGGGACAAAGATTTATCGCCATGGGATGGGCCCGCGTAGGATTAGCTTGTTGGTGGGGTAACGGCCTACCAAGGCAACGATCCTTAGCTGGTCTGAGAGGATGATCAGCCACACTGGGACTGAGACACGGCCCAGACTCCTACGGGAGGCAGCAGTGGGGAATATTGGACAATGGGCGCAAGCCTGATCCAGCAATGCCGCGTGAGTGATGAAGGCCTTCGGGTTGTAAAGCTCTTTCGCACGCGACGATGATGACGGTAGCGTGAGAAGAAGCCCCGGCTAACTTCGTGCCAGCAGCCGCGGTAATACGAAGGGGGCTAGCGTTGTTCGGAATTACTGGGCCGTAAAGGGCGCGTAGGCGGTACTTCAAGTCAGGCGTGAAAGCCCCGGGCTCAACCTGGGAACCCGCGCTTGAGACTGGAGAACTAGAGTTCGGGAGAGGATGGTGGAATTCCCAGTGTAGAGGTGAAATTCGTAGATATTGGGAAGAACACCGATGGCGAAGGCAGCCATCTGGACCGACACTGACGCTGAGGCGCGAAAGCGTGGGGAGCAAACAGGATTAGATACCCTGGTAGTCCACGCCGTAAACGATGAGTGCTAGACGTTGGGGCCCTTAGGGCTTCGGTGTCGCAGCTAACGCATTAAGCACTCCGCCTGGGGAGTACGGCCGCAAGGTTAAAACTCAAAGGAATTGACGGGGGCCCGCACAAGCGGTGGAGCATGTGGTTTAATTCGAAGCAACGCGCAGAACCCTTACCAGCCCTTGACATGGGCGTCGCGGGTCCAGAGATGGACCTTTCGGTTCGGCCGGACGCCGCACAGGTGCTGCATGGCTGTCGTCAGCTCGTGTCGTGAGATGTTGGGTTAAGTCCCGCAACGAGCGCAACCCCCATCTTCAGTTGCCATCAGGTAAAGCTGGGCACTCTGGAGAAACCGCCGGTGACAAGCCGGAGGAAGGCGGGGATGACGTCAAGTCCTCATGGCCCTTATGGGCTGGGCTACACACGTGCTACAATGGTGGTGACAGTGGGCAGCGAGATCGCGAGATCGAGCCAATCTCCAAAAGCCATCTCAGTTCGGATCGCACTCTGCAACTCGGGTGCGTGAAGTTGGAATCGCTAGTAATCGCGGATCAGCACGCCGCGGTGAATACGTTCCCGGGCCTTGTACACACCGCCCGTCACACCATGGGAGTTGGTTTTACCCGAAGCCGGTGGGCTAACCGCAAGGAGGCAGCCGACCACGGTCAGGTCAGCGACTGGGGTGAAGTCGTAACAAGGTAACC
GCF_001189845.1,97_582,Bradyrhizobium,Bacteria,Pseudomonadota,Alphaproteobacteria,Hyphomicrobiales,Nitrobacteraceae,TCCAACTTGAGAGTTTGATCCTGGCTCAGAGCGAACGCTGGCGGCAGGCTTAACACATGCAAGTCGAGCGGGCATAGCAATATGTCAGCGGCAGACGGGTGAGTAACGCGTGGGAACGTACCTTTTGGTTCGGAACAACTGAGGGAAACTTCAGCTAATACCGGATAAGCCCTTACGGGGAAAGATTTATCGCCGAAAGATCGGCCCGCGTCTGATTAGCTAGTTGGTGAGGTAATGGCTCACCAAGGCGACGATCAGTAGCTGGTCTGAGAGGATGATCAGCCACATTGGGACTGAGACACGGCCCAAACTCCTACGGGAGGCAGCAGTGGGGAATATTGGACAATGGGCGCAAGCCTGATCCAGCCATGCCGCGTGAGTGATGAAGGCCCTAGGGTTGTAAAGCTCTTTTGTGCGGGAAGATAATGACGGTACCGCAAGAATAAGCCCCGGCTAACTTCGTGCCAGCAGCCGCGGTAATACGAAGGGGGCTAGCGTTGCTCGGAATCACTGGGCGTAAAGGGTGCGTAGGCGGGTCTTTAAGTCAGGGGTGAAATCCTGGAGCTCAACTCCAGAACTGCCTTTGATACTGAAGATCTTGAGTTCGGGAGAGGTGAGTGGAACTGCGAGTGTAGAGGTGAAATTCGTAGATATTCGCAAGAACACCAGTGGCGAAGGCGGCTCACTGGCCCGATACTGACGCTGAGGCACGAAAGCGTGGGGAGCAAACAGGATTAGATACCCTGGTAGTCCACGCCGTAAACGATGAATGCCAGCCGTTAGTGGGTTTACTCACTAGTGGCGCAGCTAACGCTTTAAGCATTCCGCCTGGGGAGTACGGTCGCAAGATTAAAACTCAAAGGAATTGACGGGGGCCCGCACAAGCGGTGGAGCATGTGGTTTAATTCGACGCAACGCGCAGAACCTTACCAGCCCTTGACATCCCGGTCGCGGACTCCAGAGACGGAGTTCTTCAGTTCGGCTGGACCGGAGACAGGTGCTGCATGGCTGTCGTCAGCTCGTGTCGTGAGATGTTGGGTTAAGTCCCGCAACGAGCGCAACCCCCGTCCTTAGTTGCTACCATTTAGTTGAGCACTCTAAGGAGACTGCCGGTGATAAGCCGCGAGGAAGGTGGGGATGACGTCAAGTCCTCATGGCCCTTACGGGCTGGGCTACACACGTGCTACAATGGCGGTGACAATGGGATGCTAAGGGGCGACCCTTCGCAAATCTCAAAAAGCCGTCTCAGTTCGGATTGGGCTCTGCAACTCGAGCCCATGAAGTTGGAATCGCTAGTAATCGTGGATCAGCACGCCACGGTGAATACGTTCCCGGGCCTTGTACACACCGCCCGTCACACCATGGGAGTTGGTTTTACCTGAAGACGGTGCGCTAACCGAAAGGGGGCAGCCGGCCACGGTAGGGTCAGCGACTGGGGTGAAGTCGTAACAAGGTAGCCGTAGGGGAACCTGCGGCTGGATCACCTCCTTTCTAAG
GCF_017901135.1,97_4564,Thiothrix,Bacteria,Pseudomonadota,Gammaproteobacteria,Thiotrichales,Thiotrichaceae,ATTGAACTGAAGAGTTTGATCCTGGCTCAGATTGAACGCTGGCGGTATGCTTAAGACATGCAAGTCGAACGGAATCTTCGGATTCAGTGGCGGACGGGTGAGTAACACGTGGGAATCTACTGAGTAGTGGGGGACAGCCCGGCGAAAGCCGGATTAATACCGCATACGCCCTACGGGGGAAAGGCGCAAGCCGCTATTTAATGAGCCCGCGTAAGATTAGCTAGTTGGTGAGGTAAAGGCCCACCAAGGCAACGATCTTTAGCTGGTCTGAGAGGATGGCCAGCCACATCGGGACTGAGACACGGCCCGGACTCCTACGGGAGGCAGCAGTCGGGAATATTGGACAATGGGCGCAAGCCTGATCCAGCAATACCGCGTGTGTGAAGAAGGCCTGCGGGTTGTAAAGCACTTTCAGTTGGGAAGATAATGACGTTACCAACAGAAGAAGCACCGGCTAACTCCGTGCCAGCAGCCGCGGTAATACGGAGGGTGCAAGCGTTAATCGGAATTACTGGGCGTAAAGCGTGCGTAGGCGGTTTTTTAAGTCAGATGTGAAATCCCCGGGCTCAACCTGGGAACTGCATCTGATACTGGGAGACTAGAGTGTGGGAGAGGAGAGTGGAATTTCCGGTGTAGCGGTGAAATGCATAGAGATCGGAAGGAACATCAGTGGCGAAGGCGACTCTCTGGACCAACACTGACGCTGAGGCACGAAAGCGTGGGTAGCAAACAGGATTAGATACCCTGGTAGTCCACGCCGTAAACGATGTCAACTAGCCGTCAGGCCCGCTTTAGGGTTTGGTGGTGGAGCTAACGTATTAAGTTGACCGCCTGGGGAGTACGCTCGCAAGAGTAAAACTCAAAGGAATTGACGGGGGCCCGCACAAGCGGTGGAGCATGTGGTTTAATTCGATGCAACGCGAAGAACCTTACCTGGTCTTGACATGTAGTGAACTTAGCAGAAATGTTTTGGTGCCTTCGGGAACACTAACACAGGTGCTGCACGGCTGTCGTCAGCTCGTGTCGTGAGATGTTGGGTTAAGTCCCGCAACGAGCGCAACCCCTATCCCTAGTTGCCAGCACGTAATGGTGGGAACTCTAAGGAGACTGCCGGTGACAAACCGGAGGAAGGTGGGGATGACGTCAAGTCATCATGGCCCTTATGACCAGGGCTACACACGTGCTACAATGGGTGGTACAGAGGGAAGCAAGACCGCGAGGTGGAGCAAATCCCAGAAAGCCATCCGTAGTCCGGATTGGAGTCTGCAACTCGACTCCATGAAGTCGGAATCGCTAGTAATCGCGGATCAGCATGCCGCGGTGAATACGTTCCCGGGCCTTGTACACACCGCCCGTCACACCATGGGAGTTTGTTGCACCAGAAGCAGGTAGTCTAACCGAAAGGAGGGCGCTTGCCACGGTGTGGCCGATGACTGGGGTGAAGTCGTAACAAGGTAGCCGTAGGGGAACCTGCGGCTGGATCACCTCCTTT
GCF_900089955.1,97_4476,Candidatus Accumulibacter,Bacteria,Pseudomonadota,Betaproteobacteria,,,TGAACTGAAGAGTTTGATCCTGGCTCAGATTAAACGCTGGCGGCATGCCTTACACATGCAAGTCGAACGGCAGCACGGGGGCAACCCTGGTGGCGAGTGGCGGACGGGTGAGTAAAGCATCGGAACGTATCCTGGAGTGGGGGATAACGTAGCGAAAGTTACGCTAATACCGCATATTCTGTGAGCAGGAAAGCAGGGGATCGCAAGACCTTGCGCTCTGGGAGCGGCCGATGTCGGATTAGCTAGTTGGTGGGGTAAAGGCCTACCAAGGCGACGATCCGTAGCGGGTCTGAGAGGATGATCCGCCACACTGGGACTGAGACACGGCCCAGACTCCTACGGGAGGCAGCAGTGGGGAATTTTGGACAATGGGCGCAAGCCTGATCCAGCCATGCCGCGTGAGTGAAGAAGGCCTTCGGGTTGTAAAGCTCTTTCGGCGGGGAAGAAATTGCACGGGTTAATACCCTGTGTAGATGACGGTACCCGAATAAGAAGCACCGGCTAACTACGTGCCAGCAGCCGCGGTAATACGTAGGGTGCGAGCGTTAATCGGAATTACTGGGCGTAAAGCGTGCGCAGGCGGTTTGGTAAGTCAGATGTGAAATCCCCGGGCTCAACCTGGGAACTGCATTTGAGACTGCCAGGCTGGAGTTTGGCAGAGGGGGGTGGAATTCCACGTGTAGCAGTGAAATGCGTAGAGATGTGGAGGAACACCGATGGCGAAGGCAGCCCCCTGGGCCAATACTGACGCTCATGCACGAAAGCGTGGGGAGCAAACAGGATTAGATACCCTGGTAGTCCACGCCCTAAACGATGTCAACTAGGTGTTGGGAGGGTTAAACCTTTTAGTGCCGTAGCTAACGCGTGAAGTTGACCGCCTGGGGAGTACGGCCGCAAGGCTAAAACTCAAAGGAATTGACGGGGACCCGCACAAGCGGTGGATGATGTGGATTAATTCGATGCAACGCGAAAAACCTTACCTACCCTTGACATGTCAGGAATCCCGAAGAGATTTGGGAGTGCTCGCAAGAGAGCCTGAACACAGGTGCTGCATGGCTGTCGTCAGCTCGTGTCGTGAGATGTTGGGTTAAGTCCCGCAACGAGCGCAACCCTTGTCATTAATTGCCATCATTCAGTTGGGCACTTTAATGAGACTGCCGGTGACAAACCGGAGGAAGGTGGGGATGACGTCAAGTCCTCATGGCCCTTATGGGTAGGGCTTCACACGTCATACAATGGTCGGTCCAGAGGGTTGCCAACCCGCGAGGGGGAGCCAATCTCAGAAAGCCGATCGTAGTCCGGATCGCAGTCTGCAACTCGACTGCGTGAAGTCGGAATCGCTAGTAATCGCGGATCAGCATGTCGCGGTGAATACGTTCCCGGGTCTTGTACACACCGCCCGTCACACCATGGGAGCGGGTTCTGCCAGAAGTAGTTAGCCTAACCGCAAGGAGGGCGATTACCACGGCAGGGTTCGTGACTGGGGTGAAGTCGTAACAAGGTAGCCGTAGGGGAACCTGCGGCTGGATCACCTCCTTTCTA
GCF_001542405.1,97_441,Rhizobium,Bacteria,Pseudomonadota,Alphaproteobacteria,Hyphomicrobiales,Rhizobiaceae,TGAATTCTCAACATGAGAGTTTGATCCTGGCTCAGAACGAACGCTGGCGGCAGGCTTAACACATGCAAGTCGAGCGCCCCGCAAGGGGAGCGGCAGACGGGTGAGTAACGCGTGGGAACGTACCCTTTACTACGGAATAACCCAGGGAAACTTGGACTAATACCGTATGAGCCCTTCGGGGGAAAGATTTATCGGTAAAGGATCGGCCCGCGTTGGATTAGCTAGTTGGTGGGGTAAAGGCCTACCAAGGCGACGATCCATAGCTGGTCTGAGAGGATGATCAGCCACATTGGGACTGAGACACGGCCCAAACTCCTACGGGAGGCAGCAGTGGGGAATATTGGACAATGGGCGCAAGCCTGATCCAGCCATGCCGCGTGAGTGATGAAGGCCCTAGGGTTGTAAAGCTCTTTCACCGGTGAAGATAATGACGGTAACCGGAGAAGAAGCCCCGGCTAACTTCGTGCCAGCAGCCGCGGTAATACGAAGGGGGCTAGCGTTGTTCGGATTTACTGGGCGTAAAGCGCACGTAGGCGGATCGATCAGTCAGGGGTGAAATCCCAGAGCTCAACTCTGGAACTGCCTTTGATACTGTCGATCTGGAGTATGGAAGAGGTGAGTGGAATTCCGAGTGTAGAGGTGAAATTCGTAGATATTCGGAGGAACACCAGTGGCGAAGGCGGCTCACTGGTCCATTACTGACGCTGAGGTGCGAAAGCGTGGGGAGCAAACAGGATTAGATACCCTGGTAGTCCACGCCGTAAACGATGAATGTTAGCCGTCGGGCAGTATACTGTTCGGTGGCGCAGCTAACGCATTAAACATTCCGCCTGGGGAGTACGGTCGCAAGATTAAAACTCAAAGGAATTGACGGGGGCCCGCACAAGCGGTGGAGCATGTGGTTTAATTCGAAGCAACGCGCAGAACCTTACCAGCCCTTGACATGCCCGGCCAGCTACAGAGATGTAGTGTTCCCTTCGGGGACCGGGACACAGGTGCTGCATGGCTGTCGTCAGCTCGTGTCGTGAGATGTTGGGTTAAGTCCCGCAACGAGCGCAACCCTCGCCCTTAGTTGCCAGCATTCAGTTGGGCACTCTAAGGGGACTGCCGGTGATAAGCCGAGAGGAAGGTGGGGATGACGTCAAGTCCTCATGGCCCTTACGGGCTGGGCTACACACGTGCTACAATGGTGGTGACAGTGGGCAGCGAGACCGCGAGGTCGAGCTAATCTCCAAAAGCCATCTCAGTTCGGATTGCACTCTGCAACTCGAGTGCATGAAGTTGGAATCGCTAGTAATCGCGGATCAGCATGCCGCGGTGAATACGTTCCCGGGCCTTGTACACACCGCCCGTCACACCATGGGAGTTGGTTTTACCCGAAGGTAGTGTGCTAACCGCAAGGAGGCAGCTAACCACGGTAGGGTCAGCGACTGGGGTGAAGTCGTAACAAGGTAGCCGTAGGGGAACCTGCGGCTGGATCACCTCCTTTCTAAGGAAGC
GCF_000745425.1,97_2572,Beijerinckia,Bacteria,Pseudomonadota,Alphaproteobacteria,Hyphomicrobiales,Beijerinckiaceae,ATTCAACTTGAGAGTTTGATCCTGGCTCAGAACGAACGCTGGCGGCAGGCCTAACACATGCAAGTCGAACGCCGTAGCAATACGGAGTGGCAGACGGGTGAGTAACGCGTGGGAACGTACCCTTTGGTTCGGAATAACTCAGGGAAACTTGGGCTAATACCGGATACGTCCGAGAGGAGAAAGATTTATCGCCGAAGGATCGGCCCGCGTCTGATTAGCTAGTTGGTGTGGTAATGGCGCACCAAGGCGACGATCAGTAGCTGGTCTGAGAGGATGATCAGCCACATTGGGACTGAGACACGGCCCAAACTCCTACGGGAGGCAGCAGTGGGGAATATTGGACAATGGGCGCAAGCCTGATCCAGCCATGCCGCGTGAGTGATGACGGCCTTAGGGTTGTAAAGCTCTTTTACCTGGGAAGATAATGACGGTACCAGGAGAATAAGCCCCGGCTAACTTCGTGCCAGCAGCCGCGGTAATACGAAGGGGGCTAGCGTTGTTCGGATTTACTGGGCGTAAAGCGCACGTAGGCGGATTTTTAAGTCAGGGGTGAAATCCCAAGGCTCAACCTTGGAACTGCCTTTGATACTGGAGATCTTGAGTCCGGGAGAGGTGAGTGGAACTGCGAGTGTAGAGGTGAAATTCGTAGATATTCGCAAGAACACCAGTGGCGAAGGCGGCTCACTGGCCCGGAACTGACGCTGAGGTGCGAAAGCGTGGGGAGCAAACAGGATTAGATACCCTGGTAGTCCACGCCGTAAACGATGGATGCTAGCCGTTAGGCAGCTTGCTGCTTAGTGGCGCAGTTAACGCTTTAAGCATCCCGCCTGGGGAGTACGGTCGCAAGATTAAAACTCAAAGGAATTGACGGGGGCCCGCACAAGCGGTGGAGCATGTGGTTTAATTCGAAGCAACGCGCAGAACCTTACCAACCTTTGACATGTCTCGTTTGGTTACCAGAGATGGTTTCCTTCAGTTCGGCTGGCGAGAACACAGGTGCTGCATGGCTGTCGTCAGCTCGTGTCGTGAGATGTTGGGTTAAGTCCCGCAACGAGCGCAACCCACGCCCTTAGTTGCCATCATTTAGTTGGGCACTCTAGGGGGACTGCCGGTGATAAGCCGAGAGGAAGGTGTGGATGACGTCAAGTCCTCATGGCCCTTACGGGTTGGGCTACACACGTGCTACAATGGCGGTGACAATGGGATGCGAAGGGGCGACCCTTAGCAAATCTCCAAAATCCGTCTCAGTTCGGATTGCACTCTGCAACTCGAGTGCATGAAGGTGGAATCGCTAGTAATCGTAGATCAGAACGCTACGGTGAATACGTTCCCGGGCCTTGTACACACCGCCCGTCACACCATGGGAGTTGGTTCTACCCGAAGGCGTTTTGCTAACCGCAAGGGGGCAGGCGACCACGGTAGGGTCAGCGACTGGGGTGAAGTCGTAACAAGGTAGCCGTAGGGGAACCTGCGGCTGGATCACCTCCTTTCTAAGGA
GCF_017161445.1,97_24849,Niveibacterium,Bacteria,Pseudomonadota,Betaproteobacteria,Rhodocyclales,Rhodocyclaceae,GGCTCAGATTGAACGCTGGCGGCATGCCTTACACATGCAAGTCGAACGGATCTAGGGGCTTGCTCCTAGGTTAGTGGCGAACGGGTGAGTAATGCATCGGAACGTACCCAGTCGTGGGGGATAACGTAGCGAAAGTTACGCTAATACCGCATACGTCCTGAGGGAGAAAGCAGGGGATCGCAAGACCTTGCGCGATTGGAGCGGCCGATGTCGGATTAGCTAGTTGGTGGGGTAAAAGCCTACCAAGGCAACGATCCGTAGCTGGTCTGAGAGGATGATCAGCCACACTGGGACTGAGACACGGCCCAGACTCCTACGGGAGGCAGCAGTGGGGAATTTTGGACAATGGGCGAAAGCCTGATCCAGCCATGCCGCGTGAGTGAAGAAGGCCTTCGGGTTGTAAAGCTCTTTCAGACGGAAAGAAAACTTCGAGGCTAATACCTTCGGAGGATGACGGTACCGTAAGAAGAAGCACCGGCTAACTACGTGCCAGCAGCCGCGGTAATACGTAGGGTGCGAGCGTTAATCGGAATTACTGGGCGTAAAGCGTGCGCAGGCGGTTTTGTAAGACAGCTGTGAAATCCCCGGGCTCAACCTGGGAACTGCGGTTGTGACTGCAAGACTTGAGTACGGCAGAGGGGGGTGGAATTCCTGGTGTAGCAGTGAAATGCGTAGATATCAGGAGGAACACCGATGGCGAAGGCAGCCCCCTGGGCCTGTACTGACGCTCATGCACGAAAGCGTGGGGAGCAAACAGGATTAGATACCCTGGTAGTCCACGCCCTAAACGATGTCGACTAGTTGTTCGGAGGGTAAAACCTTTGAGTAACGTAGCTAACGCGTGAAGTCGACCGCCTGGGGAGTACGGCCGCAAGGTTAAAACTCAAAGGAATTGACGGGGACCCGCACAAGCGGTGGATGATGTGGATTAATTCGATGCAACGCGAAAAACCTTACCTACCCTTGACATGTCAGGAACTCTCCAGAGATGGATTGGTGCCCGAAAGGGAGCCTGAACACAGGTGCTGCATGGCTGTCGTCAGCTCGTGTCGTGAGATGTTGGGTTAAGTCCCGCAACGAGCGCAACCCTTGTCATTAGTTGCTACGCAAGAGCACTCTAATGAGACTGCCGGTGACAAACCGGAGGAAGGTGGGGATGACGTCAAGTCCTCATGGCCCTTATGGGTAGGGCTTCACACGTCATACAATGGTCGGTACAGAGGGTTGCCAAGCCGCGAGGTGGAGCCAATCCCAGAAAGCCGATCGTAGTCCGGATCGTAGTCTGCAACTCGACTACGTGAAGTCGGAATCGCTAGTAATCGCGGATCAGCATGCCGCGGTGAATACGTTCCCGGGTCTTGTACACACCGCCCGTCACACCATGGGAGTGGGTTTCACCAGAAGCAGGTAGCCTAACCGCAAGGAGGGCGCCTACCACGGTGGGATTCATGACTGGGGTGAAGTCGTA
GCF_013520985.1,97_239,Mesorhizobium,Bacteria,Pseudomonadota,Alphaproteobacteria,Hyphomicrobiales,Phyllobacteriaceae,AACTTGAGAGTTTGATCCTGGCTCAGAACGAACGCTGGCGGCAGGCTTAACACATGCAAGTCGAGCGCCTCGCAAGAGGAGCGGCAGACGGGTGAGTAACGCGTGGGAATCTACCCATCTCTACGGAACAACTCCGGGAAACTGGAGCTAATACCGTATACGTCCTTCGGGAGAAAGATTTATCGGAGATGGATGAGCCCGCGTTGGATTAGCTAGTTGGTGGGGTAATGGCCTACCAAGGCGACGATCCATAGCTGGTCTGAGAGGATGATCAGCCACATTGGGACTGAGACACGGCCCAAACTCCTACGGGAGGCAGCAGTGGGGAATATTGGACAATGGGCGAAAGCCTGATCCAGCCATGCCGCGTGAGTGATGAAGGCCCTAGGGTTGTAAAGCTCTTTCAACGGTGAAGATAATGACGGTAACCGTAGAAGAAGCCCCGGCTAACTTCGTGCCAGCAGCCGCGGTAATACGAAGGGGGCTAGCGTTGTTCGGAATTACTGGGCGTAAAGCGCACGTAGGCGGATATTTAAGTCAGGGGTGAAATCCCGGGGCTCAACCCCGGAACTGCCTTTGATACTGGGTATCTCGAGTCCGAGAGAGGTGAGTGGAATTCCGAGTGTAGAGGTGAAATTCGTAGATATTCGGAGGAACACCAGTGGCGAAGGCGGCTCACTGGCTCGGTACTGACGCTGAGGTGCGAAAGCGTGGGGAGCAAACAGGATTAGATACCCTGGTAGTCCACGCTGTAAACGATGGAAGCTAGCCGTTGGCAAGTTTACTTGTCGGTGGCGCAGCTAACGCATTAAGCTTCCCGCCTGGGGAGTACGGTCGCAAGATTAAAACTCAAAGGAATTGACGGGGGCCCGCACAAGCGGTGGAGCATGTGGTTTAATTCGAAGCAACGCGCAGAACCTTACCAGCCCTTGACATCCCGGTCGCGGTTTCCAGAGATGGGAACCTTCAGTTCGGCTGGACCGGTGACAGGTGCTGCATGGCTGTCGTCAGCTCGTGTCGTGAGATGTTGGGTTAAGTCCCGCAACGAGCGCAACCCTCGCCCTTAGTTGCCAGCATTAAGTTGGGCACTCTAAGGGGACTGCCGGTGATAAGCCGAGAGGAAGGTGGGGATGACGTCAAGTCCTCATGGCCCTTACGGGCTGGGCTACACACGTGCTACAATGGTGGTGACAGTGGGCAGCGAGACCGCGAGGTCGAGCTAATCTCCAAAAGCCATCTCAGTTCGGATTGCACTCTGCAACTCGAGTGCATGAAGTTGGAATCGCTAGTAATCGCGGATCAGCATGCCGCGGTGAATACGTTCCCGGGCCTTGTACACACCGCCCGTCACACCATGGGAGTTGGTTTTACCCGAAGGCGCTGTGCTAACCGCAAGGAGGCAGGCGACCACGGTAGGGTCAGCGACTGGGGTGAAGTCGTAACAAGGTAGCCGTAGGGGAACCTGCGGCTGGATCACCTCCTTTCTAAG
GCF_021049305.1,97_2057,Ideonella,Bacteria,Pseudomonadota,Betaproteobacteria,Burkholderiales,Sphaerotilaceae,AGATCGAACTGAAGAGTTTGATCCTGGCTCAGATTGAACGCTGGCGGCATGCCTTACACATGCAAGTCGAACGGTAACGCGGGGCAACCTGGCGACGAGTGGCGAACGGGTGAGTAATGCATCGGAACGTGCCCAGTAGTGGGGGATAGCCCGGCGAAAGCCGGATTAATACCGCATACGACCTGAGGGTGAAAGGGGGGGATCGCAAGACCTCTCGCTATTGGAGCGGCCGATGTCAGATTAGGTAGTTGGTGGGGTAAAGGCCTACCAAGCCGACGATCTGTAGCTGGTCTGAGAGGACGACCAGCCACACTGGGACTGAGACACGGCCCAGACTCCTACGGGAGGCAGCAGTGGGGAATTTTGGACAATGGGCGCAAGCCTGATCCAGCCATGCCGCGTGCGGGAAGAAGGCCTTCGGGTTGTAAACCGCTTTTGTCAGGGAAGAAATCTTCTGGGTTAATACCTCGGGAGGATGACGGTACCTGAAGAATAAGCACCGGCTAACTACGTGCCAGCAGCCGCGGTAATACGTAGGGTGCAAGCGTTAATCGGAATTACTGGGCGTAAAGCGTGCGCAGGCGGTTTTGTAAGACAGAGGTGAAATCCCCGGGCTCAACCTGGGAACTGCCTTTGTGACTGCAAGGCTTGAGTGCGGCAGAGGGGGATGGAATTCCGCGTGTAGCAGTGAAATGCGTAGATATGCGGAGGAACACCGATGGCGAAGGCAATCCCCTGGGCCTGCACTGACGCTCATGCACGAAAGCGTGGGGAGCAAACAGGATTAGATACCCTGGTAGTCCACGCCCTAAACGATGTCAACTGGTTGTTGGGAAGGTTCCTTCTCAGTAACGTAGCTAACGCGTGAAGTTGACCGCCTGGGGAGTACGGCCGCAAGGTTGAAACTCAAAGGAATTGACGGGGACCCGCACAAGCGGTGGATGATGTGGTTTAATTCGATGCAACGCGAAAAACCTTACCTACCCTTGACATGGCAGGAATCCTGAAGAGATTTGGGAGTGCTCGAAAGAGAACCTGCACACAGGTGCTGCATGGCCGTCGTCAGCTCGTGTCGTGAGATGTTGGGTTAAGTCCCGCAACGAGCGCAACCCTTGTCATTAGTTGCTACGAAAGGGCACTCTAATGAGACTGCCGGTGACAAACCGGAGGAAGGTGGGGATGACGTCAGGTCCTCATGGCCCTTATGGGTAGGGCTACACACGTCATACAATGGCCGGTACAGAGGGCTGCCAACCCGCGAGGGGGAGCCAATCCCAGAAAACCGGTCGTAGTCCGGATCGCAGTCTGCAACTCGACTGCGTGAAGTCGGAATCGCTAGTAATCGCGGATCAGCTTGCCGCGGTGAATACGTTCCCGGGTCTTGTACACACCGCCCGTCACACCATGGGAGCGGGTTCTGCCAGAAGTAGTTAGCCTAACCGCAAGGAGGGCGATTACCACGGCAGGGTTCGTGACTGGGGTGAAGTCGTAACAAGGTAGCCGTATCGGAAGGTGCGGCTGGATCACCTCCTTTCT
GCF_000010525.1,97_1825,Azorhizobium,Bacteria,Pseudomonadota,Alphaproteobacteria,Hyphomicrobiales,Xanthobacteraceae,CAACTTGAGAGTTTGATCCTGGCTCAGAGCGAACGCTGGCGGCAGGCCTAACACATGCAAGTCGAGCGCCCAGCAATGGGAGCGGCAGACGGGTGAGTAACGCGTGGGGATGTGCCCAATGGTGCGGAATAACCCAGGGAAACTTGGATTAATACCGCATGTGCCCTTCGGGGGAAAGATTTATCGCCATTGGATCAACCCGCGTCTGATTAGCTAGTTGGTGAGGTAAAGGCTCACCAAGGCGACGATCAGTAGCTGGTCTGAGAGGATGATCAGCCACACTGGGACTGAGACACGGCCCAGACTCCTACGGGAGGCAGCAGTGGGGAATATTGGACAATGGGCGCAAGCCTGATCCAGCCATGCCGCGTGAGTGATGAAGGCCTTAGGGTTGTAAAGCTCTTTCGCCGGTGAAGATAATGACGGTAACCGGAGAAGAAGCCCCGGCTAACTTCGTGCCAGCAGCCGCGGTAATACGAAGGGGGCAAGCGTTGCTCGGAATCACTGGGCGTAAAGCGCACGTAGGCGGATCGTTAAGTCAGGGGTGAAAGCCTGGAGCTCAACTCCAGAACTGCCCTTGATACTGGCGATCTTGAGTTCGAGAGAGGTTGGTGGAACTCCGAGTGTAGAGGTGAAATTCGTAGATATTCGGAAGAACACCAGTGGCGAAGGCGGCCAACTGGCTCGATACTGACGCTGAGGTGCGAAAGCGTGGGGAGCAAACAGGATTAGATACCCTGGTAGTCCACGCCGTAAACGATGGATGCTAGCCGTTGGGGAGCTTGCTCTTCAGTGGCGCAGCTAACGCCTTAAGCATCCCGCCTGGGGAGTACGGTCGCAAGATTAAAACTCAAAGGAATTGACGGGGGCCCGCACAAGCGGTGGAGCATGTGGTTTAATTCGAAGCAACGCGCAGAACCTTACCAGCCTTTGACATGGCAGGACGACTTCCGGAGACGGATTTCTTCCAGCAATGGACCTGCACACAGGTGCTGCATGGCTGTCGTCAGCTCGTGTCGTGAGATGTTGGGTTAAGTCCCGCAACGAGCGCAACCCTCGCCTTTAGTTGCCATCATTCAGTTGGGCACTCTAAAGGGACTGCCGGTGATAAGCCGCGAGGAAGGTGGGGATGACGTCAAGTCCTCATGGCCCTTACGGGCTGGGCTACACACGTGCTACAATGGCGGTGACAATGGGATGCGAGCCTGCGAGGGTGAGCAAATCTCCAAAAGCCGTCTCAGTTCGGATTGCACTCTGCAACTCGAGTGCATGAAGTTGGAATCGCTAGTAATCGTGGATCAGCATGCCACGGTGAATACGTTCCCGGGCCTTGTACACACCGCCCGTCACACCATGGGAGTTGGCTTTACCCGAAGGCGTTGCGCTAACCGCAAGGAGGCAGGCGACCACGGTAGGGTCAGTGACTGGGGTGAAGTCGTAACAAGGTAGCCGTAGGGGAACCTGCGGCTGGATCACCTCCTTTCTAAG
GCF_000746085.1,97_1665,Methylocapsa,Bacteria,Pseudomonadota,Alphaproteobacteria,Hyphomicrobiales,Beijerinckiaceae,TCATTCAACTTGAGAGTTTGATCCTGGCTCAGAACGAACGCTGGCGGCAGGCCTAACACATGCAAGTCGAACGCCGTAGCAATACGGAGTGGCAGACGGGTGAGTAACACGTGGGAACATACCCTTCGGTTCGGAATAACTCAGGGAAACTTGTGCTAATACCGGATACGTCCGCAAGGAGAAAGATTTATCGCCGAAGGATTGGCCCGCGTCTGATTAGCTTGTTGGTGAGGTAATGGCTCACCAAGGCGACGATCAGTAGCTGGTCTGAGAGGATGATCAGCCACATTGGGACTGAGACACGGCCCAAACTCCTACGGGAGGCAGCAGTGGGGAATATTGGACAATGGGCGAAAGCCTGATCCAGCCATGCCGCGTGAGTGATGAAGGCCTTAGGGTTGTAAAGCTCTTTTACCTGGGAAGATAATGACGGTACCAGGAGAATAAGCCCCGGCTAACTTCGTGCCAGCAGCCGCGGTAATACGAAGGGGGCTAGCGTTGTTCGGATTTACTGGGCGTAAAGCGCACGTAGGCGGATCTTTAAGTCAGGGGTGAAATCCCGGGGCTCAACCTCGGAACTGCCTTTGATACTGGAGATCTTGAGTCCGGGAGAGGTGAGTGGAACTGCGAGTGTAGAGGTGAAATTCGTAGATATTCGCAAGAACACCAGTGGCGAAGGCGGCTCACTGGCCCGGTACTGACGCTGAGGTGCGAAAGCGTGGGGAGCAAACAGGATTAGATACCCTGGTAGTCCACGCCGTAAACGATGGATGCTAGCCGTTAGGCAGCTTGCTGCTTAGTGGCGCAGTTAACGCTTTAAGCATCCCGCCTGGGGAGTACGGTCGCAAGATTAAAACTCAAAGGAATTGACGGGGGCCCGCACAAGCGGTGGAGCATGTGGTTTAATTCGAAGCAACGCGCAGAACCTTACCAGCTCTTGACATGTCTCGTTTGGTTACCAGAGATGGTTTCCTTCACTTCGGGTGGCGAGAACACAGGTGCTGCATGGCTGTCGTCAGCTCGTGTCGTGAGATGTTGGGTTAAGTCCCGCAACGAGCGCAACCCTCGCCCTTAGTTGCCATCATTTAGTTGGGCACTCTAGGGGGACTGCCGGTGATAAGCCGAGAGGAAGGTGGGGATGACGTCAAGTCCTCATGGCCCTTACGGGCTGGGCTACACACGTGCTACAATGGCGGTGACAGTGGGACGCGAAGGGGTGACCCCGAGCAAATCTCAAAAAGCCGTCTCAGTTCGGATTGCACTCTGCAACTCGAGTGCATGAAGGTGGAATCGCTAGTAATCGTAGATCAGAACGCTACGGTGAATACGTTCCCGGGCCTTGTACACACCGCCCGTCACACCATGGGAGTTGGTTCTACCCGAAGGCGTTTTGCTAACCGCAAGGAGGCAGGCGACCACGGTAGGGTCAGCGACTGGGGTGAAGTCGTAACAAGGTAGCCGTAGGGGAACCTGCGGCTGGATCACCTCCTTTCTAAGG
GCF_000021865.1,97_1659,Rhodobacter,Bacteria,Pseudomonadota,Alphaproteobacteria,Rhodobacterales,Paracoccaceae,CAACTTGAGAGTTTGATCCTGGCTCAGAACGAACGCTGGCGGCAGGCCTAACACATGCAAGTCGAGCGAGACCTTCGGGTCTAGCGGCGGACGGGTGAGTAACGCGTGGGAACGTGCCCTTTGCTACGGAATAGCCCCGGGAAACTGGGAGTAATACCGTATGTGCCCTTCGGGGGAAAGATTTATCGGCAAAGGATCGGCCCGCGTTGGATTAGGTAGTTGGTGGGGTAATGGCCTACCAAGCCGACGATCCATAGCTGGTTTGAGAGGATGATCAGCCACACTGGGACTGAGACACGGCCCAGACTCCTACGGGAGGCAGCAGTGGGGAATCTTAGACAATGGGGGAAACCCTGATCTAGCCATGCCGCGTGAGCGATGAAGGCCTTAGGGTTGTAAAGCTCTTTCAGGTGGGAAGATAATGACGGTACCACCAGAAGAAGCCCCGGCTAACTCCGTGCCAGCAGCCGCGGTAATACGGAGGGGGCTAGCGTTGTTCGGAATTACTGGGCGTAAAGCGCACGTAGGCGGATCAGAAAGTCAGAGGTGAAATCCCAGGGCTCAACCTTGGAACTGCCTTTGAAACTCCTGGTCTTGAGGTCGAGAGAGGTGAGTGGAATTCCGAGTGTAGAGGTGAAATTCGTAGATATTCGGAGGAACACCAGTGGCGAAGGCGGCTCACTGGCTCGATACTGACGCTGAGGTGCGAAAGCGTGGGGAGCAAACAGGATTAGATACCCTGGTAGTCCACGCCGTAAACGATGAATGCCAGTCGTCGGCAGGCATGCCTGTCGGTGACACACCTAACGGATTAAGCATTCCGCCTGGGGAGTACGGTCGCAAGATTAAAACTCAAAGGAATTGACGGGGGCCCGCACAAGCGGTGGAGCATGTGGTTTAATTCGAAGCAACGCGCAGAACCTTACCAACCCTTGACATCGGGATCGCGGTTACCGGAGACGGTTTCCTTCAGTTCGGCTGGATCCCAGACAGGTGCTGCATGGCTGTCGTCAGCTCGTGTCGTGAGATGTTCGGTTAAGTCCGGCAACGAGCGCAACCCACACTTTCAGTTGCCATCATTCAGTTGGGCACTCTGGAAGAACTGCCGATGATAAGTCGGAGGAAGGTGTGGATGACGTCAAGTCCTCATGGCCCTTACGGGTTGGGCTACACACGTGCTACAATGGTGGTGACAATGGGCCAATCCCAAAAAGCCATCTCAGTTCGGATTGGGGTCTGCAACTCGACCCCATGAAGTCGGAATCGCTAGTAATCGCGTAACAGCATGACGCGGTGAATACGTTCCCGGGCCTTGTACACACCGCCCGTCACACCATGGGAATTGGGTCTACCCTAAGATGGTGCGCCAACCCGCAAGGGAGGCAGCCAGCCACGGTAGGCTCAGTGACTGGGGTGAAGTCGTAACAAGGTAGCCGTAGGGGAACCTGCGGCTGGATCACCTCCTTTCTA
GCF_000685925.1,97_1641,Methylobacter,Bacteria,Pseudomonadota,Gammaproteobacteria,Methylococcales,Methylococcaceae,TAAACTGAAGAGTTTGATCATGGCTCAGATTGAACGCTGGCGGTATGCTTAACACATGCAAGTCGAACGGTAACAGGCCTTCGGGCGCTGACGAGTGGCGGACGGGTGAGTAACGCGTAGGAATCTGCCTCATAGTGGGGGACAACGTGGGGAAACTCACGCTAATACCGCATACGCCCTACGGGGGAAAGCGGGGGATCTTCGGACCTCGCGCTATGAGATGAGCCTGCGTTAGATTAGCTAGTTGGTAGGGTAAAGGCCTACCAAGGCGACGATCTATAGCTGGTCTGAGAGGACGATCAGCCACACTGGGACTGAGACACGGCCCAGACTCCTACGGGAGGCAGCAGTGGGGAATATTGGACAATGGGCGAAAGCCTGATCCAGCAATACCGCGTGTGTGAAGAAGGCCTTAGGGTTGTAAAGCACTTTCAATTGGGAGGAAAACCTACCGGTCAATACCCGGTAGCTTGACATTACCTTTAGAAGAAGCACCGGCTAACTCCGTGCCAGCAGCCGCGGTAATACGGAGGGTGCGAGCGTTAATCGGAATTACTGGGCGTAAAGCGTGCGTAGGCGGTTCGTTAAGTCAGATGTGAAAGCCCTGGGCTCAACCTGGGAACTGCATTTGAAACTGGCGGACTAGAGTTTAGTAGAGGGGAGTGGAATTTCAGGTGTAGCGGTGAAATGCGTAGATATCTGAAGGAACACCAGTGGCGAAGGCGACTCCCTGGACTAGAACTGACGCTGAGGTACGAAAGCGTGGGTAGCAAACAGGATTAGATACCCTGGTAGTCCACGCCGTAAACGATGTCGACTAGCCGTTGGTCCTATTTACAGGATTAGTGGCGCAGCTAACGCATTAAGTCGACCGCCTGGGGAGTACGGCCGCAAGGTTAAAACTCAAATGAATTGACGGGGGCCCGCACAAGCGGTGGAGCATGTGGTTTAATTCGATGCAACGCGAAGAACCTTACCTACCCTTGACATCCAGAGAATCTGTTAGAGATAGTAGAGTGCCTTCGGGAGCTCTGAGACAGGTGCTGCATGGCTGTCGTCAGCTCGTGTCGTGAGATGTTGGGTTAAGTCCCGTAACGAGCGCAACCCTTATCCTTAGTTGCCAGCACGTAATGGTGGGAACTCTAGGGAGACTGCCGGTGATAAACCGGAGGAAGGTGGGGACGACGTCAAGTCATCATGGCCCTTATGGGTAGGGCTACACACGTGCTACAATGGCCGGTACAGAGGGCTGCGAACTTGCGAAAGTAAGCAAATCCCAGAAAGCCGGTCCTAGTCCGGATTGGAGTCTGCAACTCGACTCCATGAAGTCGGAATCGCTAGTAATCGCGAATCAGAATGTCGCGGTGAATACGTTCCCGGGCCTTGTACACACCGCCCGTCACACCATGGGAGTGGGTTGCAAAAGAAGTGGGTAGTCTAACCTTCGGGAGGGCGCTCACCACTTTGTGATTCATGACTGGGGTGAAGTCGTAACAAGGTAGCCCTAGGGGAACCTGGGGCTGGATCACCTCCTT
GCF_000020025.1,97_1555,Nostoc,Bacteria,Cyanobacteriota,Cyanophyceae,Nostocales,Nostocaceae,AAAACGGAGAGTTTGATCCTGGCTCAGGATGAACGCTGGCGGTATGCTTAACACATGCAAGTCGAACGGTGTCTTCGGACACAGTGGCGGACGGGTGAGTAACGCGTGAGAATCTGGCTCTAGGTCTGGGACAACCACTGGAAACGGTGGCTAATACCGGATGTGCCGAGAGGTGAAAGGTTAACTGCCTAGAGATGAGCTCGCGTCTGATTAGCTAGTAGGTAGTGTAATGGACTACCTAGGCGACGATCAGTAGCTGGTCTGAGAGGACGATCAGCCACACTGGGACTGAGACACGGCCCAGACTCCTACGGGAGGCAGCAGTGGGGAATTTTCCGCAATGGGCGAAAGCCTGACGGAGCAATACCGCGTGAGGGAGGAAGGCTCTTGGGTCGTAAACCTCTTTTCTCAGGGAAGAACACAATGACGGTACCTGAGGAATAAGCATCGGCTAACTCCGTGCCAGCAGCCGCGGTAATACGGAGGATGCAAGCGTTATCCGGAATGATTGGGCGTAAAGCGTCCGCAGGTGGCAATGTAAGTCTGCTGTTAAAGAGTCTAGCTCAACTAGATACAAGCAGTGGAAACTACATAGCTAGAGTACGTTCGGGGCAGAGGGAATTCCTGGTGTAGCGGTGAAATGCGTAGAGATCAGGAAGAACACCGGTGGCGAAGGCGCTCTGCTAGGCCGTAACTGACACTGAGGGACGAAAGCTAGGGGAGCGAATGGGATTAGATACCCCAGTAGTCCTAGCCGTAAACGATGGATACTAGGCGTGGCTTGTATCGACCCGAGCCGTGCCGTAGCTAACGCGTTAAGTATCCCGCCTGGGGAGTACGCCGGCAACGGTGAAACTCAAAGGAATTGACGGGGGCCCGCACAAGCGGTGGAGTATGTGGTTTAATTCGATGCAACGCGAAGAACCTTACCAAGGCTTGACATGTCGCGAATCCTGGTGAAAGCCGGGAGTGCCTTCGGGAGCGCGAACACAGGTGGTGCATGGCTGTCGTCAGCTCGTGTCGTGAGATGTTGGGTTAAGTCCCGCAACGAGCGCAACCCTCGTTTTTAGTTGCCAGCATTAAGTTGGGCACTCTAGAGAGACTGCCGGTGACAAACCGGAGGAAGGTGGGGATGACGTCAAGTCAGCATGCCCCTTACGCCTTGGGCTACACACGTACTACAATGCTCCGGACAGAGGGCAGCAAGCATGCGAATGCAAGCAAATCCCGTAAACCGGAGCTCAGTTCAGATCGCAGGCTGCAACTCGCCTGCGTGAAGGAGGAATCGCTAGTAATTGCAGGTCAGCATACTGCAGTGAATTCGTTCCCGGGCCTTGTACACACCGCCCGTCACACCATGGAAGCTGGTAGTGCCCGAAGTCATTACTCCAACCTTTCGGGGAGGAGGATGCCTAAGGCAGGACTGGTGACTGGGGTGAAGTCGTAACAAGGTAGCCGTACCGGAAGGTGTGGCTGGATCACCTCCTTTTTAGGGA
GCF_000021045.1,97_1313,Azotobacter,Bacteria,Pseudomonadota,Gammaproteobacteria,Pseudomonadales,Pseudomonadaceae,AACTGAAGAGTTTGATCATGGCTCAGATTGAACGCTGGCGGCAGGCCTAACACATGCAAGTCGAGCGGCAGCGGGACCTTCGGGTTGCCGGCGAGCGGCGGACGGGTGAGTAATGCCTAGGAATCTGCCTGTTAGTGGGGGATAACGCGGGGAAACTCGCGCTAATACCGCATACGTCCTACGGGAGAAAGTGGGGGACCCTCGGGCCTCACGCTAACAGATGAGCCTAGGTCGGATTAGCTAGTTGGTGGGGTAAAGGCCCACCAAGGCGACGATCCGTAACTGGTCTGAGAGGATGATCAGTCACACTGGAACTGAGACACGGTCCAGACTCCTACGGGAGGCAGCAGTGGGGAATATTGGACAATGGGCGAAAGCCTGATCCAGCCATGCCGCGTGTGTGAAGAAGGTCTTCGGATTGTAAAGCACTTTAAGTTGGGAGGAAGGGCGCTCGGTGAATACCCAAGCGTCTTGACGTTACCGACAGAATAAGCACCGGCTAACTTCGTGCCAGCAGCCGCGGTAATACGAAGGGTGCAAGCGTTAATCGGAATTACTGGGCGTAAAGCGCGCGTAGGTGGTTCGGCAAGTTGGATGTGAAAGCCCCGGGCTCAACCTGGGAACCGCATCCAAAACTACTGGGCTAGAGTACGGTAGAGGGTGGTGGAATTTCCTGTGTAGCGGTGAAATGCGTAGATATAGGAAGGAACACCAGTGGCGAAGGCGACCACCTGGACCGATACTGACACTGAGGTGCGAAAGCGTGGGGAGCAAACAGGATTAGATACCCTGGTAGTCCACGCCGTAAACGATGTCGACTAGCCGTTGGGCTCCTTGAGAGCTTAGTGGCGCAGCTAACGCATTAAGTCGACCGCCTGGGGAGTACGGCCGCAAGGTTAAAACTCAAATGAATTGACGGGGGCCCGCACAAGCGGTGGAGCATGTGGTTTAATTCGAAGCAACGCGAAGAACCTTACCTGGCCTTGACATCCTGCGAACTTTCAAGAGATTGATGGGTGCCTTCGGGAGCGCAGAGACAGGTGCTGCATGGCTGTCGTCAGCTCGTGTCGTGAGATGTTGGGTTAAGTCCCGTAACGAGCGCAACCCTTGTCCTTAGTTACCAGCGATTCGGTCGGGCACTCTAAGGAGACTGCCGGTGACAAACCGGAGGAAGGTGGGGATGACGTCAAGTCATCATGGCCCTTACGGCCAGGGCTACACACGTGCTACAATGGTCGGTACAAAGGGTTGCCAAGTCGCGAGGCGGAGCTAATCCCAGAAAACCGATCGTAGTCCGGATCGCAGTCTGCAACTCGACTGCGTGAAGTCGGAATCGCTAGTAATCGCGAATCAGAATGTCGCGGTGAATACGTTCCCGGGCCTTGTACACACCGCCCGTCACACCATGGGAGTGGGTTGCTCCAGAAGTAGCTAGTCTAACCCTCGGGAGGACGGTTACCACGGAGTGATTCATGACTGGGGTGAAGTCGTAACAAGGTAGCCGTAGGGGAACCTGCGGCTGGATCACCTCCTTAATCGAAG
GCF_013201725.1,97_1075,Arcobacter,Bacteria,Campylobacterota,Epsilonproteobacteria,Campylobacterales,Arcobacteraceae,TTTATGGAGAGTTTGATCCTGGCTCAGAGTGAACGCTGGCGGCGTGCTTAACACATGCAAGTCGAACGAGAACGGATTATAGCTTGCTATAATTGTCAGCTAAGTGGCGCACGGGTGAGTAATGTATAGATAACCTGCCCTCTAGAAAGGAATAACAGATGGAAACGTCTGCTAATGCCCTATATGCCTTTAATACATAAGTATGCAAGGGAAACGCTTTAGTGCTAGAGGATGGGTCTGTATGGTATCAGCTTGTTGGTGAGGTAATGGCTCACCAAGGCAATGACGCCTAACTGGTTTGAGAGGATGATCAGTCACACTGGAACTGAGACACGGTCCAGACTCCTACGGGAGGCAGCAGTGGGGAATATTGCACAATGGACGAAAGTCTGATGCAGCAACGCCGCGTGGAGGATGACACATTTCGGTGCGTAAACTCCTTTTATATAGGAAGATAATGACGGTACTATATGAATAAGCACCGGCTAACTCCGTGCCAGCAGCCGCGGTAATACGGAGGGTGCAAGCGTTACTCGGAATCACTGGGCGTAAAGAGCGTGTAGGCGGGTATATAAGTCAGAAGTGAAATCCAATAGCTTAACTATTGAACTGCTTTTGAAACTGTATACCTAGAATGTGGGAGAGGTAGATGGAATTTCTGGTGTAGGGGTAAAATCCGTAGAGATCAGAAGGAATACCGATTGCGAAGGCGATCTACTGGAACATTATTGACGCTGAGACGCGAAAGCGTGGGGAGCAAACAGGATTAGATACCCTGGTAGTCCACGCCCTAAACGATGTACACTAGTTGTTGTGAGGCTCGACCTTGCAGTAATGCAGTTAACACATTAAGTGTACCGCCTGGGGAGTACGGTCGCAAGATTAAAACTCAAAGGAATAGACGGGGACCCGCACAAGCGGTGGAGCATGTGGTTTAATTCGACGATACACGAAGAACCTTACCTGGACTTGACATAGTAAGAACTTTCTAGAGATAGATTGGTGTCTGCTTGCAGAAACTTATATACAGGTGCTGCACGGCTGTCGTCAGCTCGTGTCGTGAGATGTTGGGTTAAGTCCCGCAACGAGCGCAACCCTCGTCATTAGTTGCTAACAGTTCGGCTGAGAACTCTAATGAGACTGCCTACGCAAGTAGGAGGAAGGTGAGGACGACGTCAAGTCATCATGGCCCTTACGTCCAGGGCTACACACGTGCTACAATGGGGTATACAAAGAGCAGCAATACAGTGATGTGGAGCAAATCTCAAAAATATCTCCCAGTTCGGATTGTAGTCTGCAACTCGACTACATGAAGTTGGAATCGCTAGTAATCGTAGATCAGCTATGCTACGGTGAATACGTTCCCGGGTCTTGTACTCACCGCCCGTCACACCATGGGAGTTGAACTCATTCGAAGCGGGGATGCTAAAGTAGCTACCTTCCACAGTGGATTCAGCGACTGGGGTGAAGTCGTAACAAGGTAACCGTAGGAGAACCTGCGGTTGGATCACCTCCTTT
GCF_020005195.1,97_99,Azospirillum,Bacteria,Pseudomonadota,Alphaproteobacteria,Rhodospirillales,Azospirillaceae,TTGAACCTGAGAGTTTGATCCTGGCTCAGAACGAACGCTGGCGGCATGCCTAACACATGCAAGTCGAACGGTGGCTTCGGCCACAGTGGCGCACGGGTGAGTAACACGTGGGAACCTGCCTTTCGGTTCGGAATAACGTCTGGAAACGGACGCTAACACCGGATACGCCCTTCGGGGGAAAGTTTACGCCGAGAGAGGGGCCCGCGTCCGATTAGGTAGTTGGTGAGGTAACGGCTCACCAAGCCGACGATCGGTAGCTGGTCTGAGAGGATGATCAGCCACACTGGGACTGAGACACGGCCCAGACTCCTACGGGAGGCAGCAGTGGGGAATATTGGACAATGGGCGCAAGCCTGATCCAGCAATGCCGCGTGAGTGATGAAGGCCTTAGGGTTGTAAAGCTCTTTCGCACGCGACGATGATGACGGTAGCGTGAGAAGAAGCCCCGGCTAACTTCGTGCCAGCAGCCGCGGTAATACGAAGGGGGCTAGCGTTGTTCGGAATTACTGGGCGTAAAGGGCGCGTAGGCGGCCTGTTTAGTCGGAAGTGAAAGCCCCGGGCTCAACCTGGGAATTGCTTTCGATACTGGCAGGCTTGAGTTCCGGAGAGGATGGTGGAATTCCCAGTGTAGAGGTGAAATTCGTAGATATTGGGAAGAACACCGGTGGCGAAGGCGGCCATCTGGACGGACACTGACGCTGAGGCGCGAAAGCGTGGGGAGCAAACAGGATTAGATACCCTGGTAGTCCACGCCGTAAACGATGAATGCTAGACGTCGGGGTGCATGCACTTCGGTGTCGCCGCTAACGCATTAAGCATTCCGCCTGGGGAGTACGGCCGCAAGGTTAAAACTCAAAGGAATTGACGGGGGCCCGCACAAGCGGTGGAGCATGTGGTTTAATTCGAAGCAACGCGCAGAACCTTACCAACCCTTGACATGTCCACTACCGGTTCGAGAGATCGGACTTTCAGTTCGGCTGGGTGGAACACAGGTGCTGCATGGCTGTCGTCAGCTCGTGTCGTGAGATGTTGGGTTAAGTCCCGCAACGAGCGCAACCCCTACTGCCAGTTGCCATCATTCAGTTGGGCACTCTGGTGGAACTGCCGGTGACAAGCCGGAGGAAGGCGGGGATGACGTCAAGTCCTCATGGCCCTTATGGGTTGGGCTACACACGTGCTACAATGGCGGTGACAGTGGGACGCGAAGCCGCGAGGTGGAGCCAATCCCCAAAAGCCGTCTCAGTTCGGATCGCACTCTGCAACTCGAGTGCGTGAAGTTGGAATCGCTAGTAATCGCGGATCAGCACGCCGCGGTGAATACGTTCCCGGGCCTTGTACACACCGCCCGTCACACCATGGGAGTTGGCTTTACCCGAAGACGGTGCGCTAACCTCGCAAGAGGAGGCAGCCGGCCACGGTCAGGTCAGCGACTGGGGTGAAGTCGTAACAAGGTAGCCGTAGGGGAACCTGCGGCTGGATCACCTCCTTTCTAAGGACG
GCF_000785705.2,97_954,Methylomonas,Bacteria,Pseudomonadota,Gammaproteobacteria,Methylococcales,Methylococcaceae,TAAACTGAAGAGTTTGATCATGGCTCAGATTGAACGCTGGCGGTATGCTTAACACATGCAAGTCGAACGGTAGCAGGCCTTCGGGCGCTGACGAGTGGCGGACGGGTGAGTAATGCATAGGAATCTGCCTATTAGTGGGGGACAACGTGGGGAAACTCACGCTAATACCGCATACGCCCTACGGGGGAAAGCTGGGGACCTTCGGGCCTGGCGCTAATAGATGAGCCTATGTTGGATTAGCTAGTTGGTAGGGTAACGGCCTACCAAGGCGACGATCCATAGCTGGTCTGAGAGGATGATCAGCCACACTGGGACTGAGACACGGCCCAGACTCCTACGGGAGGCAGCAGTGGGGAATATTGGACAATGGGCGAAAGCCTGATCCAGCAATACCGCGTGTGTGAAGAAGGCCTGAGGGTTGTAAAGCACTTTCAATAGGAAGGAATACCTGCCGGTTAATACCCGGTAGACTGACATTACCTATACAAGAAGCACCGGCTAACTCCGTGCCAGCAGCCGCGGTAATACGGAGGGTGCAAGCGTTAATCGGAATTACTGGGCGTAAAGCGTGCGTAGGCGGTTGTTTAAGTCAGATGTGAAAGCCCTGGGCTTAACCTGGGAACTGCATTTGATACTGGGCAACTAGAGTTTAGTAGAGGGGAGTGGAATTTCAGGTGTAGCGGTGAAATGCGTAGAGATCTGAAGGAACACCAGTGGCGAAGGCGGCTCCCTGGACTAAAACTGACGCTGAGGTACGAAAGCGTGGGTAGCAAACAGGATTAGATACCCTGGTAGTCCACGCCGTAAACGATGTCAACTAACTGTTGGGTTCTTAAAGAACTTAGTAGTGGAGCTAACGTATTAAGTTGACCGCCTGGGGAGTACGGCCGCAAGGCTAAAACTCAAATGAATTGACGGGGGCCCGCACAAGCGGTGGAGCATGTGGTTTAATTCGATGCAACGCGAAGAACCTTACCTACCCTTGACATCCAGAGAATCTGTTAGAGATAGCGGAGTGCCTTCGGGAGCTCTGAGACAGGTGCTGCATGGCTGTCGTCAGCTCGTGTTGTGAAATGTTGGGTTAAGTCCCGTAACGAGCGCAACCCTTATCCTTAGTTGCCAGCGGGTCATGCCGGGAACTCTAGGGAGACTGCCGGTGATAAACCGGAGGAAGGTGGGGACGACGTCAAGTCATCATGGCCCTTATGGGTAGGGCTACACACGTGCTACAATGGCCGGTACAGAGGGCTGCGAACTCGCGAGAGTAAGCTAATCCCAAAAAGCCGGTCCCAGTCCGGATCGCAGTCTGCAACTCGACTGCGTGAAGTCGGAATCGCTAGTAATCGCGGATCAGAATGCCGCGGTGAATACGTTCCCGGGCCTTGTACACACCGCCCGTCACACCATGGGAGTGGGTTGCAAAAGAAGTAGGTAGTTTAACCTTCGGGAGGGCGCTTACCACTTTGTGATTCATGACTGGGGTGAAGTCGTAACAAGGTAGCCCTAGGGGAACCTGGGGCTGGATCACCTCCTTA
GCF_000527135.1,97_899,Methyloversatilis,Bacteria,Pseudomonadota,Betaproteobacteria,Nitrosomonadales,Sterolibacteriaceae,TTAAACTGAAGAGTTTGATCCTGGCTCAGATTGAACGCTGGCGGAATGCTTTACACATGCAAGTCGAGCGGCAGCGCGGTCTTCGGACTGGCGGCGAGCGGCGAACGGGTGAGTAATACATCGGAACATGCCCAGTCGTGGGGGATAACACTTCGAAAGAAGTGCTAATACCGCATACGTCCTGAGGGAGAAAGCGGGGGATCGCAAGACCTCGCGCGATTGGAGTGGCCGATGTCAGATTAGCTAGTTGGTGGGGTAAAGGCCTACCAAGGCAACGATCTGTAGCTGGTCTGAGAGGATGATCAGCCACACTGGGACTGAGACACGGCCCAGACTCCTACGGGAGGCAGCAGTGGGGAATTTTGGACAATGGGGGCAACCCTGATCCAGCCATTCCGCGTGAGTGAAGAAGGCCTTCGGGTTGTAAAGCTCTTTCGGCAGGAACGAAACGGTGAGCTCTAACATAGCTCGCTAATGACGGTACCTGAAGAAGAAGCACCGGCTAACTACGTGCCAGCAGCCGCGGTAATACGTAGGGTGCGAGCGTTAATCGGAATTACTGGGCGTAAAGCGTGCGCAGGCGGTTGTGTAAGACAGGTGTGAAATCCCCGGGCTTAACCTGGGAACTGCGCTTGTGACTGCACGGCTAGAGTATGGCAGAGGGGGGTGGAATTCCACGTGTAGCAGTGAAATGCGTAGAGATGTGGAGGAACACCGATGGCGAAGGCAGCCCCCTGGGCCAATACTGACGCTCATGCACGAAAGCGTGGGGAGCAAACAGGATTAGATACCCTGGTAGTCCACGCCCTAAACGATGTCGACTAGGTGTTCGGTGAGGAGACTCATTGAGTACCGCAGCTAACGCGTGAAGTCGACCGCCTGGGGAGTACGGTCGCAAGATTAAAACTCAAAGGAATTGACGGGGACCCGCACAAGCGGTGGATGATGTGGATTAATTCGATGCAACGCGAAAAACCTTACCTACCCTTGACATGTACGGAACCCTGCTGAGAGGTGGGGGTGCTCGAAAGAGAGCCGTAACACAGGTGCTGCATGGCTGTCGTCAGCTCGTGTCGTGAGATGTTGGGTTAAGTCCCGCAACGAGCGCAACCCTTGTCATTAGTTGCTACGCAAGAGCACTCTAATGAGACTGCCGGTGACAAACCGGAGGAAGGTGGGGATGACGTCAAGTCCTCATGGCCCTTATGGGTAGGGCTTCACACGTCATACAATGGTCGGTACAGAGGGTTGCCAAGCCGCGAGGTGGAGCCAATCCCAGAAAGCCGATCGTAGTCCGGATCGCAGTCTGCAACTCGACTGCGTGAAGTCGGAATCGCTAGTAATCGCGGATCAGCATGCCGCGGTGAATACGTTCCCGGGTCTTGTACACACCGCCCGTCACACCATGGGAGTGGGTTTCACCAGAAGAGGCTAGCCTAACCGTAAGGGGGGCGGTCGCCACGGTGAGATTCATGACTGGGGTGAAGTCGTAACAAGGTAGCCGTATCGGAAGGTGCGGCTGGATCACCTCCTTTCTA
GCF_000346065.1,97_88,Sinorhizobium,Bacteria,Pseudomonadota,Alphaproteobacteria,Hyphomicrobiales,Rhizobiaceae,CAACTTGAGAGTTTGATCCTGGCTCAGAACGAACGCTGGCGGCAGGCTTAACACATGCAAGTCGAGCGCCCCGCAAGGGGAGCGGCAGACGGGTGAGTAACGCGTGGGAATCTACCCTTTTCTACGGAATAACGCAGGGAAACTTGTGCTAATACCGTATGAGCCCTTCGGGGGAAAGATTTATCGGGAAAGGATGAGCCCGCGTTGGATTAGCTAGTTGGTGGGGTAAAGGCCTACCAAGGCGACGATCCATAGCTGGTCTGAGAGGATGATCAGCCACATTGGGACTGAGACACGGCCCAAACTCCTACGGGAGGCAGCAGTGGGGAATATTGGACAATGGGCGCAAGCCTGATCCAGCCATGCCGCGTGAGTGATGAAGGCCCTAGGGTTGTAAAGCTCTTTCACCGGTGAAGATAATGACGGTAACCGGAGAAGAAGCCCCGGCTAACTTCGTGCCAGCAGCCGCGGTAATACGAAGGGGGCTAGCGTTGTTCGGAATTACTGGGCGTAAAGCGCACGTAGGCGGATTGTTAAGTGAGGGGTGAAATCCCAGGGCTCAACCCTGGAACTGCCTTTCATACTGGCAATCTAGAGTCCAGAAGAGGTGAGTGGAATTCCGAGTGTAGAGGTGAAATTCGTAGATATTCGGAGGAACACCAGTGGCGAAGGCGGCTCACTGGTCTGGAACTGACGCTGAGGTGCGAAAGCGTGGGGAGCAAACAGGATTAGATACCCTGGTAGTCCACGCCGTAAACGATGAATGTTAGCCGTCGGGCAGTTTACTGTTCGGTGGCGCAGCTAACGCATTAAACATTCCGCCTGGGGAGTACGGTCGCAAGATTAAAACTCAAAGGAATTGACGGGGGCCCGCACAAGCGGTGGAGCATGTGGTTTAATTCGAAGCAACGCGCAGAACCTTACCAGCCCTTGACATCCCGATCGCGGATACGAGAGATCGTATCCTTCAGTTCGGCTGGATCGGAGACAGGTGCTGCATGGCTGTCGTCAGCTCGTGTCGTGAGATGTTGGGTTAAGTCCCGCAACGAGCGCAACCCTCGCCCTTAGTTGCCAGCATTCAGTTGGGCACTCTAAGGGGACTGCCGGTGATAAGCCGAGAGGAAGGTGGGGATGACGTCAAGTCCTCATGGCCCTTACGGGCTGGGCTACACACGTGCTACAATGGTGGTGACAGTGGGCAGCGAGACCGCGAGGTCGAGCTAATCTCCAAAAGCCATCTCAGTTCGGATTGCACTCTGCAACTCGAGTGCATGAAGTTGGAATCGCTAGTAATCGCAGATCAGCATGCTGCGGTGAATACGTTCCCGGGCCTTGTACACACCGCCCGTCACACCATGGGAGTTGGTTCTACCCGAAGGTAGTGCGCTAACCGCAAGGAGGCAGCTAACCACGGTAGGGTCAGCGACTGGGGTGAAGTCGTAACAAGGTAGCCGTAGGGGAACCTGCGGCTGGATCACCTCCTTTCTAAGG
GCF_001633145.1,97_767,Rhodovulum,Bacteria,Pseudomonadota,Alphaproteobacteria,Rhodobacterales,Paracoccaceae,AACTTGAGAGTTTGATCCTGGCTCAGAACGAACGCTGGCGGCAGGCCTAACACATGCAAGTCGAGCGAACCCTTCGGGGTTAGCGGCGGACGGGTGAGTAACGCGTGGGAACGTGCCCTTCTCTGCGGAATAGGCTCGGGAAACTGGGTTTAATACCGCATACGCCCTTCGGGGGAAAGATTTATCGGAGAAGGATCGGCCCGCGTTAGATTAGGTAGTTGGTGGGGTAATGGCCTACCAAGCCTACGATCTATAGCTGGTTTGAGAGGATGATCAGCCACACTGGGACTGAGACACGGCCCAGACTCCTACGGGAGGCAGCAGTGAGGAATCTTGGACAATGGGGGAAACCCTGATCCAGCCATGCCGCGTGAGCGATGAAGGCCTTAGGGTTGTAAAGCTCTTTCAGTCGTGAAGATAATGACGGTAGCGACAGAAGAAGCCCCGGCTAACTCCGTGCCAGCAGCCGCGGTAATACGGAGGGGGCTAGCGTTGTTCGGAATTACTGGGCGTAAAGCGCGCGTAGGCGGACTATTAAGTCAGGGGTGAAATCCCGGGGCTCAACCCCGGAACTGCCTTTGATACTGGTAGTCTAGAGTTCGAGAGAGGTGAGTGGAATTCCGAGTGTAGAGGTGAAATTCGTAGATATTCGGAGGAACACCAGTGGCGAAGGCGGCTCACTGGCTCGATACTGACGCTGAGGTGCGAAAGCGTGGGGAGCAAACAGGATTAGATACCCTGGTAGTCCACGCCGTAAACGATGAATGCCAGTCGTCGGCAAGCATGCTTGTCGGTGACACACCTAACGGATTAAGCATTCCGCCTGGGGAGTACGGCCGCAAGGTTAAAACTCAAAGGAATTGACGGGGGCCCGCACAAGCGGTGGAGCATGTGGTTTAATTCGAAGCAACGCGCAGAACCTTACCAACCCTTGACATCCTGATCGCGGTTTTCCGAGAGGAATTCCTTCAGTTCGGCTGGATCAGTGACAGGTGCTGCATGGCTGTCGTCAGCTCGTGTCGTGAGATGTTCGGTTAAGTCCGGCAACGAGCGCAACCCACACTCTTAGTTGCCAGCATTCAGTTGGGCACTCTAGGAGAACTGCCGATGATAAGTCGGAGGAAGGTGTGGATGACGTCAAGTCCTCATGGCCCTTACGGGTTGGGCTACACACGTGCTACAATGGCAGTGACAATGGGTTAATCCCTAAAAGCTGTCTCAGTTCGGATTGTTCTCTGCAACTCGAGAGCATGAAGTCGGAATCGCTAGTAATCGCGTAACAGCATGACGCGGTGAATACGTTCCCGGGCCTTGTACACACCGCCCGTCACACCATGGGAGTTGGGTTTACCCGAAGACGGTGCGCCAACCCTTACGGGGGGCAGCTGGCCACGGTAAGCTCAGCGACTGGGGTGAAGTCGTAACAAGGTAGCCGTAGGGGAACCTGCGGCTGGATCACCTCCTTTCTAA
GCF_001664385.1,97_65,Rhizobium,Bacteria,Pseudomonadota,Alphaproteobacteria,Hyphomicrobiales,Rhizobiaceae,TTGAATTCTCAACATGAGAGTTTGATCCTGGCTCAGAACGAACGCTGGCGGCAGGCTTAACACATGCAAGTCGAGCGCCCCGCAAGGGGAGCGGCAGACGGGTGAGTAACGCGTGGGAACGTACCCTTTACTACGGAATAACGCAGGGAAACTTGTGCTAATACCGTATGTGCCCTTCGGGGGAAAGATTTATCGGTAAAGGATCGGCCCGCGTTGGATTAGCTAGTTGGTGGGGTAAAGGCCTACCAAGGCGACGATCCATAGCTGGTCTGAGAGGATGATCAGCCACATTGGGACTGAGACACGGCCCAAACTCCTACGGGAGGCAGCAGTGGGGAATATTGGACAATGGGCGCAAGCCTGATCCAGCCATGCCGCGTGAGTGATGAAGGCCCTAGGGTTGTAAAGCTCTTTCACCGGAGAAGATAATGACGGTATCCGGAGAAGAAGCCCCGGCTAACTTCGTGCCAGCAGCCGCGGTAATACGAAGGGGGCTAGCGTTGTTCGGAATTACTGGGCGTAAAGCGCACGTAGGCGGATCGATCAGTCAGGGGTGAAATCCCAGGGCTCAACCCTGGAACTGCCTTTGATACTGTCGATCTGGAGTATGGAAGAGGTGAGTGGAATTCCGAGTGTAGAGGTGAAATTCGTAGATATTCGGAGGAACACCAGTGGCGAAGGCGGCTCACTGGTCCATTACTGACGCTGAGGTGCGAAAGCGTGGGGAGCAAACAGGATTAGATACCCTGGTAGTCCACGCCGTAAACGATGAATGTTAGCCGTCGGGCAGTATACTGTTCGGTGGCGCAGCTAACGCATTAAACATTCCGCCTGGGGAGTACGGTCGCAAGATTAAAACTCAAAGGAATTGACGGGGGCCCGCACAAGCGGTGGAGCATGTGGTTTAATTCGAAGCAACGCGCAGAACCTTACCAGCCCTTGACATGCCCGGCTACTTGCAGAGATGCAAGGTTCCCTTCGGGGACCGGGACACAGGTGCTGCATGGCTGTCGTCAGCTCGTGTCGTGAGATGTTGGGTTAAGTCCCGCAACGAGCGCAACCCTCGCCCTTAGTTGCCAGCATTCAGTTGGGCACTCTAAGGGGACTGCCGGTGATAAGCCGAGAGGAAGGTGGGGATGACGTCAAGTCCTCATGGCCCTTACGGGCTGGGCTACACACGTGCTACAATGGTGGTGACAGTGGGCAGCGAGCACGCGAGTGTGAGCTAATCTCCAAAAGCCATCTCAGTTCGGATTGCACTCTGCAACTCGAGTGCATGAAGTTGGAATCGCTAGTAATCGCGGATCAGCATGCCGCGGTGAATACGTTCCCGGGCCTTGTACACACCGCCCGTCACACCATGGGAGTTGGTTTTACCCGAAGGTAGTGCGCTAACCGCAAGGAGGCAGCTAACCACGGTAGGGTCAGCGACTGGGGTGAAGTCGTAACAAGGTAGCCGTAGGGGAACCTGCGGCTGGATCACCTCCTTTCTAAGGAAG
GCF_016583765.1,97_3482,Chromatium,Bacteria,Pseudomonadota,Gammaproteobacteria,Chromatiales,Chromatiaceae,ACGAACGCTGGCGGCGTGCTTAACACATGCAAGTCGAACGGTGACCTCGAGAGCTTGCTCTTGGGTGATCAGTGGCGAACGGGTGAGTAACACGTGAGTAACCTGCCCCAGACTCTGGAATAACCCCGGGAAACCGGAGCTAATACCGGATACGAGACGGAGCCGCATGGCTACCGTTTGGAAAGTTTTTCGGTCTGGGATGGACTCGCGGCCTATCAGCTAGTTGGTGAGGTAACGGCTCACCAAGGCGACGACGGGTAGCCGGCCTGAGAGGGCGACCGGCCACACTGGGACTGAGACACGGCCCAGACTCCTACGGGAGGCAGCAGTGGGGAATATTGCACAATGGGCGAAAGCCTGATGCAGCGACGCCGCGTGAGGGATGAAGGCCTTCGGGTTGTAAACCTCTTTCAGCAGGGAAGAAGCGAAAGTGACGGTACCTGCAGAAGAAGCACCGGCTAACTACGTGCCAGCAGCCGCGGTAATACGTAGGGTGCGAGCGTTGTCCGGAATTATTGGGCGTAAAGAGCTTGTAGGCGGTTTGTCGCGTCTGCCGTGAAAATCCGAGGCTCAACCTCGGACTTGCGGTGGGTACGGGCAGACTAGAGTGTGGTAGGGGAGACTGGAATTCCTGGTGTAGCGGTGAAATGCGCAGATATCAGGAGGAACACCGATGGCGAAGGCAGGTCTCTGGGCCACTACTGACGCTGAGAAGCGAAAGCGTGGGGAGCGAACAGGATTAGATACCCTGGTAGTCCACGCCGTAAACGTTGGGAACTAGGTGTGGGCCTCATTCCACGAGGTCTGTGCCGCAGCTAACGCATTAAGTTCCCCGCCTGGGGAGTACGGCCGCAAGGCTAAAACTCAAAGGAATTGACGGGGGCCCGCACAAGCGGCGGAGCATGTGGATTAATTCGATGCAACGCGAAGAACCTTACCAAGGCTTGACATACACCGGAAACACCCAGAGATGGGTGCCCCGCAAGGTCGGTGTACAGGTGGTGCATGGTTGTCGTCAGCTCGTGTCGTGAGATGTTGGGTTAAGTCCCGCAACGAGCGCAACCCTCGTTCTATGTTGCCAGCGCGTAAAGGCGGGGACTCATAGGAGACTGCCGGGGTCAACTCGGAGGAAGGTGGGGATGACGTCAAATCATCATGCCCCTTATGTCTTGGGCTTCACACATGCTACAATGGCCGGTACAAAGGGCTGCGAAATCGCAAGATGGAGCGAATCCCAAAAAACCGGTCTCAGTTCGGATTGGGGTCTGCAACTCGACCCCATGAAGTCGGAGTCGCTAGTAATCGCAGATCAGCAACGCTGCGGTGAATACGTTCCCGGGCCT
GCF_000023225.1,97_3363,Desulfomicrobium,Bacteria,Thermodesulfobacteriota,Desulfovibrionia,Desulfovibrionales,Desulfomicrobiaceae,AACTGGAGAGTTTGATTCTGGCTCAGAATGAACGCTGGCGGCGTGCCTAACACATGCAAGTCGTACGAGAAAGGGGCTTCGGCCCTGAGTAGAGTGGCGCACGGGTGAGTAACGCGTGGGTAATCTACCCTTGGATTTGGGATAACTCTGCGAAAGTGGAGCTAATACCGGATAGTCTGGCTTTAATTAAGAAGTCGGTAAAGGATGCCTCTGCATATGCATTCGTCCGAGGATGAGCCCGCGTCTCATTAGCTAGTTGGTAGGGTAATGGCCTACCAAGGCAACGATGAGTAGCTGGTCTGAGAGGATGATCAGCCACACTGGAACTGAAACACGGTCCAGACTCCTACGGGAGGCAGCAGTGGGGAATATTGCGCAATGGGCGAAAGCCTGACGCAGCAACGCCGTGTGAGGGATGAAGGCTTTCGGGTCGTAAACCTCTGTCGGAAGGGAAGAACGGGCATTGGTCTAATAGGCCTTTGTTTTGACGGTACCTTTAGAGGAAGCACCGGCTAACTCCGTGCCAGCAGCCGCGGTAATACGGAGGGTGCAAGCGTTATTCGGAATTACTGGGCGTAAAGCGCACGTAGGCGGCCTTGTAAGTCAGGGGTGAAATCCCACGGCTCAACCGTGGAACTGCCTTTGAAACTGCAGGGCTTGAATCCTGGAGAGGGTGGCGGAATTCCTGGTGTAGGAGTGAAATCCGTAGATATCAGGAGGAACACCGGTGGCGAAGGCGGCCACCTGGACAGGTATTGACGCTGAGGTGCGAAAGTGTGGGGAGCAAACAGGATTAGATACCCTGGTAGTCCACACCGTAAACGATGGATACTAGGTGTCGGGGACTTGATCTTCGGTGCCGTAGCTAACGCGTTAAGTATCCCGCCTGGGGAGTACGGTCGCAAGGCTGAAACTCAAAGAAATTGACGGGGGCCCGCACAAGCGGTGGAGTATGTGGTTTAATTCGATGCAACGCGAAGAACCTTACCTAGGCTTGACATCCTGGGAATCCTGCAGAGATGCGGGAGTGCCCTTCGGGGAATCCAGAGACAGGTGCTGCATGGCTGTCGTCAGCTCGTGCCGTGAGGTGTTGGGTTAAGTCCCGCAACGAGCGCAACCCCTATTCTCAGTTGCCATCACGTAATGGTGGGCACTCTGTGGAGACTGCCCGGGTTAACCGGGAGGAAGGTGGGGATGACGTCAAGTCATCATGGCCCTTACGCCTAGGGCTACACACGTACTACAATGGTGGGTACAAAGGGCAGCGAAACCGCGAGGTCGAGCGAATCTCAAAAAACCCATCATAGTCCGGATTGCAGTCTGCAACTCGACTGCATGAAGTTGGAATCGCTAGTAATCCCGGATCAGCATGCCGGGGTGAATACGTTCCCGGGCCTTGTACACACCGCCCGTCACACCACGAAAGTCGGTTCTACCCGAAGTCGCCGGACTAACCCTTGGGAGGTAGGCGCCTACGGTAGGGCTGGTAATTGGGGTGAAGTCGTAACAAGGTAGCCGTAGGGGAACCTGCGGCTGGATCACCTCCTTA
GCF_013752735.1,97_329,Bradyrhizobium,Bacteria,Pseudomonadota,Alphaproteobacteria,Hyphomicrobiales,Nitrobacteraceae,TCCAACTTGAGAGTTTGATCCTGGCTCAGAGCGAACGCTGGCGGCAGGCTTAACACATGCAAGTCGAGCGGGCGTAGCAATACGTCAGCGGCAGACGGGTGAGTAACGCGTGGGAACGTACCTTTTGGTTCGGAACAACACAGGGAAACTTGTGCTAATACCGGATAAGCCCTTACGGGGAAAGATTTATCGCCGAAAGATCGGCCCGCGTCTGATTAGCTAGTTGGTGAGGTAATGGCTCACCAAGGCGACGATCAGTAGCTGGTCTGAGAGGATGATCAGCCACATTGGGACTGAGACACGGCCCAAACTCCTACGGGAGGCAGCAGTGGGGAATATTGGACAATGGGGGCAACCCTGATCCAGCCATGCCGCGTGAGTGATGAAGGCCCTAGGGTTGTAAAGCTCTTTTGTGCGGGAAGATAATGACGGTACCGCAAGAATAAGCCCCGGCTAACTTCGTGCCAGCAGCCGCGGTAATACGAAGGGGGCTAGCGTTGCTCGGAATCACTGGGCGTAAAGGGTGCGTAGGCGGGTCTTTAAGTCAGGGGTGAAATCCTGGAGCTCAACTCCAGAACTGCCTTTGATACTGAGGATCTTGAGTTCGGGAGAGGTGAGTGGAACTGCGAGTGTAGAGGTGAAATTCGTAGATATTCGCAAGAACACCAGTGGCGAAGGCGGCTCACTGGCCCGATACTGACGCTGAGGCACGAAAGCGTGGGGAGCAAACAGGATTAGATACCCTGGTAGTCCACGCCGTAAACGATGAATGCCAGCCGTTAGTGGGTTTACTCACTAGTGGCGCAGCTAACGCTTTAAGCATTCCGCCTGGGGAGTACGGTCGCAAGATTAAAACTCAAAGGAATTGACGGGGGCCCGCACAAGCGGTGGAGCATGTGGTTTAATTCGACGCAACGCGCAGAACCTTACCAGCCCTTGACATGTCCAGGACCGGTCGCAGAGATGTGACCTTCTCTTCGGAGCCTGGAGCACAGGTGCTGCATGGCTGTCGTCAGCTCGTGTCGTGAGATGTTGGGTTAAGTCCCGCAACGAGCGCAACCCCCGTCCTTAGTTGCTACCATTTAGTTGAGCACTCTAAGGAGACTGCCGGTGATAAGCCGCGAGGAAGGTGGGGATGACGTCAAGTCCTCATGGCCCTTACGGGCTGGGCTACACACGTGCTACAATGGCGGTGACAATGGGATGCTAAGGGGCGACCCTTCGCAAATCTCAAAAAGCCGTCTCAGTTCGGATTGGGCTCTGCAACTCGAGCCCATGAAGTTGGAATCGCTAGTAATCGTGGATCAGCACGCCACGGTGAATACGTTCCCGGGCCTTGTACACACCGCCCGTCACACCATGGGAGTTGGTTTTACCTGAAGACGGTGCGCTAACCCGCAAGGGAGGCAGCCGGCCACGGTAGGGTCAGCGACTGGGGTGAAGTCGTAACAAGGTAGCCGTAGGGGAACCTGCGGCTGGATCACCTCCTTTCTAAG
GCF_000688515.1,97_3025,Afifella,Bacteria,Pseudomonadota,Alphaproteobacteria,Hyphomicrobiales,Afifellaceae,CAACTTGAGAGTTTGATCCTGGCTCAGAACGAACGCTGGCGGCAGGCTTAACACATGCAAGTCGAACGCGCTCTTCGGAGCGAGTGGCAGACGGGTGAGTAACGCGTGGGAATCTACCCAATGGTACGGGATAACCCGAGGAAACTCGAGCTAATACCGTATACGCCCTTCGGGGGAAAGATTTATCGCCATTGGATGAGCCCGCGTCGGATTAGCTTGTTGGTGGGGTAATGGCCTACCAAGGCGACGATCCGTAGCTGGTCTGAGAGGATGATCAGCCACACTGGGACTGAGACACGGCCCAGACTCCTACGGGAGGCAGCAGTGGGGAATCTTGGACAATGGGCGAAAGCCTGATCCAGCCATGCCGCGTGAGTGAAGAAGGCCCTAGGGTTGTAAAGCTCTTTCAGCGGGGAAGATAATGACGGTACCCGCAGAAGAAGCCCCGGCTAACTTCGTGCCAGCAGCCGCGGTAATACGAAGGGGGCTAGCGTTGTTCGGAATTACTGGGCGTAAAGCGCGCGTAGGCGGATTGTTAAGTCAGGGGTGAAATCCCGAGGCTCAACCTCGGAACTGCCTCTGATACTGGCAATCTCGAGTCCGGAAGAGGTTGGTGGAATTCCGAGTGTAGAGGTGAAATTCGTAGATATTCGGAGGAACACCAGAGGCGAAGGCGGCCAACTGGTCCGAGACTGACGCTGAGGCGCGAAAGCGTGGGGAGCAAACAGGATTAGATACCCTGGTAGTCCACGCCGTAAACGATGGATGCTAGCCGTTGGTGGGTATACTCATCAGTGGCGCAGCTAACGCATTAAGCATCCCGCCTGGGGAGTACGGTCGCAAGATTAAAACTCAAAGGAATTGACGGGGGCCCGCACAAGCGGTGGAGCATGTGGTTTAATTCGAAGCAACGCGCAGAACCTTACCAGCCCTTGACATCCCGGTCGCGGTTTCCAGAGATGGATTCCTTCAGTTAGGCTGGACCGGTGACAGGTGCTGCATGGCTGTCGTCAGCTCGTGTCGTGAGATGTTGGGTTAAGTCCCGCAACGAGCGCAACCCTCGCCCTTAGTTGCCAGCATTCAGTTGGGCACTCTAAGGGGACTGCCGGTGATAAGCCGAGAGGAAGGTGGGGATGACGTCAAGTCCTCATGGCCCTTACGGGCTGGGCTACACACGTGCTACAATGGCGGTGACAGTGGGAAAATCCCCAAAAACCGTCTCAGTTCGGATTGTCCTCTGCAACTCGAGGGCATGAAGGTGGAATCGCTAGTAATCGTGGATCAGCATGCCACGGTGAATACGTTCCCGGGCCTTGTACACACCGCCCGTCACACCATGGGAGTTGGTTCTACCCGAAGACGGTGCGCTAACCCGCAAGGGAGGCAGCCGGCCACGGTAGGGTCAGCGACTGGGGTGAAGTCGTAACAAGGTAGCCGTAGGGGAACCTGCGGCTGGATCACCTCCTTTCTAAG
GCF_000383855.1,97_2317,Methylobacter,Bacteria,Pseudomonadota,Gammaproteobacteria,Methylococcales,Methylococcaceae,TGAACTGAAGAGTTTGATCATGGCTCAGATTGAACGCTGGCGGTATGCTTAACACATGCAAGTCGAACGGTAACAGGCCTTCGGGCGCTGACGAGTGGCGGACGGGTGAGTAACGCGTAGGAATCTGCCTCATAGTGGGGGACAACTTGGGGAAACTCAAGCTAATACCGCATACGCCCTACGGGGGAAAGCGGGGGACCTTCGGGCCTCGCGCTATGAGATGAGCCTGCGTTAGATTAGCTAGTTGGTGGGGTAAAGGCCTACCAAGGCGACGATCTATAGCTGGTCTGAGAGGACGATCAGCCACACTGGGACTGAGACACGGCCCAGACTCCTACGGGAGGCAGCAGTGGGGAATATTGGACAATGGGCGCAAGCCTGATCCAGCAATACCGCGTGTGTGAAGAAGGCCTGAGGGTTGTAAAGCACTTTCAATTGGGAGGAAAACCTGCCGGTCAATACCCGGCAGCTTGACATTACCTTTAGAAGAAGCACCGGCTAACTCCGTGCCAGCAGCCGCGGTAATACGGAGGGTGCGAGCGTTAATCGGAATTACTGGGCGTAAAGCGTGCGTAGGCGGTTATTTAAGTCAGATGTGAAAGCCCCGGGCTTAACCTGGGAACTGCATTTGATACTGGGTAACTAGAGTTTAGTAGAGGAGAGTGGAATTTCAGGTGTAGCGGTGAAATGCGTAGAGATCTGAAGGAACACCAGTGGCGAAGGCGACTCTCTGGACTAAAACTGACGCTGAGGTACGAAAGCGTGGGTAGCAAACAGGATTAGATACCCTGGTAGTCCACGCCGTAAACGATGTCAACTAGCCGTTGGGCCTTTTAACAGGCTTAGTGGCGCAGCTAACGCATTAAGTTGACCGCCTGGGGAGTACGGCCGCAAGGTTAAAACTCAAATGAATTGACGGGGGCCCGCACAAGCGGTGGAGCATGTGGTTTAATTCGATGCAACGCGAAGAACCTTACCTACCCTTGACATCCAGAGAATCTGTTAGAGATAGCGGAGTGCCTTCGGGAACTCTGAGACAGGTGCTGCATGGCTGTCGTCAGCTCGTGTCGTGAGATGTTGGGTTAAGTCCCGTAACGAGCGCAACCCTTATCCTTAGTTGCCAGCACGTGATGGTGGGAACTCTAGGGAGACTGCCGGTGATAAACCGGAGGAAGGTGGGGACGACGTCAAGTCATCATGGCCCTTATGGGTAGGGCTACACACGTGCTACAATGGCCGGTACAGAGGGCAGCGAACTCGCGAGAGTCAGCAAATCCCAGAAAGCCGGTCCTAGTCCGGATTGGAGTCTGCAACTCGACTCCATGAAGTCGGAATCGCTAGTAATCGCGAATCAGAATGTCGCGGTGAATACGTTCCCGGGCCTTGTACACACCGCCCGTCACACCATGGGAGTGGGTTGCAAAAGAAGTGGGTAGTCTAACCTTCGGGAGGGCGCTCACCACTTTGTGATTCATGACTGGGGTGAAGTCGTAACAAGGTAGCCCTAGGGGAACCTGGGGCTGGATCACCTCCTTACAAAGACA
GCF_000422965.1,97_2285,Pleomorphomonas,Bacteria,Pseudomonadota,Alphaproteobacteria,Hyphomicrobiales,Pleomorphomonadaceae,TTGAACATGAGAGTTTGATCCTGGCTCAGAACGAACGCTGGCGGCAGGCTTAACACATGCAAGTCGAACGCTCGTAGCAATACGGGAGTGGCAGACGGGTGAGTAACGCGTGGGAACATACCCTTTGGTTCGGAATAACTGAGAGAAATTTCAGCTAATACCGGATGTGCCCTTCGGGGGAAAGATTTATCGCCAAAGGATTGGCCCGCGTCTGATTAGCTAGTTGGTGAGGTAACGGCTCACCAAGGCGACGATCAGTAGCTGGTCTGAGAGGATGATCAGCCACACTGGGACTGAGACACGGCCCAGACTCCTACGGGAGGCAGCAGTGGGGAATATTGGACAATGGGGGCAACCCTGATCCAGCCATGCCGCGTGAGTGATGAAGGCCTTAGGGTTGTAAAGCTCTTTCGTCAGGGAAGATAATGACGGTACCTGAAGAAGAAGCCCCGGCTAACTTCGTGCCAGCAGCCGCGGTAATACGAAGGGGGCTAGCGTTGTTCGGAATTACTGGGCGTAAAGCGCACGTAGGCGGACATTTAAGTCAGGGGTGAAATCCCAGGGCTCAACCCTGGAACTGCCTTTGATACTGGGTGTCTTGAGTACGAGAGAGGTGAGTGGAATTCCGAGTGTAGAGGTGAAATTCGTAGATATTCGGAAGAACACCAGTGGCGAAGGCGGCTCACTGGCTCGTAACTGACGCTGAGGTGCGAAAGCGTGGGGAGCAAACAGGATTAGATACCCTGGTAGTCCACGCTGTAAACGATGAATGCCAGCCGTTGGGTGACTTGTCATTCAGTGGCGCAGCTAACGCTTTAAGCATTCCGCCTGGGGAGTACGGTCGCAAGATTAAAACTCAAAGGAATTGACGGGGGCCCGCACAAGCGGTGGAGCATGTGGTTTAATTCGAAGCAACGCGCAGAACCTTACCAGCCCTTGACATCCGTCGACCGTCGCAGAGATGCGTTTTTCCCTTCGGGGACGGCGAGACAGGTGCTGCATGGCTGTCGTCAGCTCGTGTCGTGAGATGTTGGGTTAAGTCCCGCAACGAGCGCAACCCTCGCCTTCAGTTGCCAGCATTTAGTTGGGCACTCTGGAGGGACTGCCGGTGATAAGCCGGAGGAAGGTGGGGATGACGTCAAGTCCTCATGGCCCTTACGGGCTGGGCTACACACGTGCTACAATGGCGGTGACAATGAGCAGCGACTTCGCGAGGAGAAGCTAATCTCAAAAAGCCGTCTCAGTTCGGATTGCACTCTGCAACTCGAGTGCATGAAGTCGGAATCGCTAGTAATCGCGTAACAGCATGACGCGGTGAATACGTTCCCGGGCCTTGTACACACCGCCCGTCACACCATGGGAGTTGGCTTTACCCGAAGGTAGTGCGCTAACCGCAAGGAGGCAGCTAACCACGGTAGGGTCAGCGACTGGGGTGAAGTCGTAACAAGGTAGCCGTAGGGGAACCTGCGGCTGGATCACCTCCTTTCTAAG
GCF_002117405.1,97_227,Methylocystis,Bacteria,Pseudomonadota,Alphaproteobacteria,Hyphomicrobiales,Methylocystaceae,TTCAACTTGAGAGTTTGATCCTGGCTCAGAACGAACGCTGGCGGCAGGCTTAACACATGCAAGTCGAACGCTGTAGCAATACAGAGTGGCAGACGGGTGAGTAACGCGTGGGAACGTGCCCTTCGGTTCGGAATAACTCAGGGAAACTTGAGCTAATACCGGATACGTGCGAGAGCAGAAAGATTTATCGCCGAAGGATCGGCCCGCGTCCGATTAGCTAGTTGGTGGGGTAATGGCCCACCAAGGCGACGATCGGTAGCTGGTCTGAGAGGATGATCAGCCACACTGGGACTGAGACACGGCCCAGACTCCTACGGGAGGCAGCAGTGGGGAATATTGGACAATGGGCGCAAGCCTGATCCAGCCATGCCGCGTGAGTGATGAAGGCCCTAGGGTTGTAAAGCTCTTTCGCCAGGGACGATAATGACGGTACCTGGATAAGAAGCCCCGGCTAACTTCGTGCCAGCAGCCGCGGTAATACGAAGGGGGCTAGCGTTGTTCGGATTTACTGGGCGTAAAGCGCACGTAGGCGGATCTTTAAGTCAGGGGTGAAATCCCGGGGCTCAACCTCGGAACTGCCTTTGATACTGGAGGTCTCGAGTCCGGGAGAGGTGAGTGGAACTGCGAGTGTAGAGGTGAAATTCGTAGATATTCGCAAGAACACCAGTGGCGAAGGCGGCTCACTGGCCCGGAACTGACGCTGAGGTGCGAAAGCGTGGGGAGCAAACAGGATTAGATACCCTGGTAGTCCACGCCGTAAACGATGGATGCTAGCCGTTGGGGAGCTTGCTCTTCAGTGGCGCAGCTAACGCTTTAAGCATCCCGCCTGGGGAGTACGGTCGCAAGATTAAAACTCAAAGGAATTGACGGGGGCCCGCACAAGCGGTGGAGCATGTGGTTTAATTCGAAGCAACGCGCAGAACCTTACCAGCTTTTGACATGCCCGGTATGGTCGACAGAGATGTCTTCCTTCCCGCAAGGGGCCGGAGCACAGGTGCTGCATGGCTGTCGTCAGCTCGTGTCGTGAGATGTTGGGTTAAGTCCCGCAACGAGCGCAACCCTCGCCCTTAGTTGCCATCATTCAGTTGGGCACTCTAGGGGGACTGCCGGTGATAAGCCGCGAGGAAGGTGGGGATGACGTCAAGTCCTCATGGCCCTTACAGGCTGGGCTACACACGTGCTACAATGGCGGTGACAGAGGGATGCGAAGGGGCGACCTGGAGCAAATCCTTTAAAAGCCGTCTCAGTTCGGATTGCACTCTGCAACTCGGGTGCATGAAGGTGGAATCGCTAGTAATCGCAGATCAGCACGCTGCGGTGAATACGTTCCCGGGCCTTGTACACACCGCCCGTCACACCATGGGAGTTGGTTTTACCCGAAGGCGTTTCGCTAACCGCAAGGAGGCAGACGACCACGGTAGGGTCAGCGACTGGGGTGAAGTCGTAACAAGGTAGCCGTAGGGGAACCTGCGGCTGGATCACCTCCTTTCT
GCF_000166055.1,97_2258,Rhodomicrobium,Bacteria,Pseudomonadota,Alphaproteobacteria,Hyphomicrobiales,Hyphomicrobiaceae,AATCTGAGAGTTTGATCCTGGCTCAGAACGAACGCTGGCGGCAGGCTTAACACATGCAAGTCGAACGCACCGCAAGGTGAGTGGCAGACGGGTGAGTAACGCGTGGGAACCTTCCCTTTGGTACGGAATAACTTCGGGAAACCGAAGCTAATACCGTATATCTCCTCCGGGAGAAAGATTTATCGCCAAAGGATGGGCCCGCGTTGGATTAGCTAGTTGGTGTGGTAAAGGCGCACCAAGGCGACGATCCATAGCTGGTCTGAGAGGATGATCAGCCACACTGGGACTGAGACACGGCCCAGACTCCTACGGGAGGCAGCAGTGGGGAATCTTGGACAATGGGGGCAACCCTGATCCAGCCATGCCGCGTGAGTGAAGAAGGCCTTAGGGTTGTAAAGCTCTTTTGGCGGGGACGATAATGACGGTACCCGCAGAATAAGCCCCGGCTAACTTCGTGCCAGCAGCCGCGGTAATACGAAGGGGGCTAGCGTTGTTCGGAATCACTGGGCGTAAAGCGTACGCAGGCGGATAGATAAGTCAGGGGTGAAATCCCGGGGCTCAACCTCGGAATTGCCTTTGATACTGTCTATCTTCGAGTTCGGGAGAGGTTGGCGGAATTCCTAGTGTAGAGGTGAAATTCGTAGATATTAGGAAGAACACCAGTGGCGAAGGCGGCCAACTGGCCCGATACTGACGCTCATGTACGAAAGCGTGGGGAGCAAACAGGATTAGATACCCTGGTAGTCCACGCTGTAAACTATGGATGCTAGCCGTTGGGGAGCTTGCTCTTCAGTGGCGCAGCTAACGTCTTAAGCATCCCGCCTGGGGAGTACGGTCGCAAGATTAAAACTCAAAGGAATTGACGGGGGCCCGCACAAGCGGTGGAGCATGTGGTTTAATTCGAGGCAACGCGAAGAACCTTACCAGCTCTTGACATGTCGTGCTACGTGGAGAGATTCACGGTTCCCTTCGGGGACGCGAACACAGGTGCTGCATGGCTGTCGTCAGCTCGTGTCGTGAGATGTTGGGTTAAGTCCCGCAACGAGCGCAACCCTCGCCCTTAGTTGCTACCATTTAGTTGAGCACTCTAAGGGGACCGCCGGTGATAAGCCGGAGGAAGGTGGGGATGACGTCAAGTCATCATGGCCCTTACGGGCTGGGCTACACACGTGCTACAATGGCGGTGACAGTGGGCAGCGACACAGCGATGTGATGCTAATCCCAAAAAGCCGTCTCAGTTCAGATTGCACTCTGCAACTCGAGTGCATGAAGTCGGAATCGCTAGTAATCGCGGATCAGCACGCCGCGGTGAATACGTTCCCGGGCCTTGTACACACCGCCCGTCACACCATGGGAGTTGGTTTTACCCGAAGGCGTTACGCTAACCGCAAGGAGGCAGACGACCACGGTAAGGTCAGCGACTGGGGTGAAGTCGTAACAAGGTAGCCGTAGGGGAACCTGCGGCTGGATCACCTCCTTTCTAAGGAA
GCF_000526495.1,97_1742,Ruminiclostridium,Bacteria,Bacillota,Clostridia,Eubacteriales,Oscillospiraceae,TTAATTTGAGAGTTTGATCCTGGCTCAGGACGAACGCTGGCGGCGTGCCTAACACATGCAAGTCGAGCGGAGTTACCTTTAGCACTGAGCACTCTTAATATATGATGCTGGCCGACAGCGTCATGCAAAAACAACCTTAATTATTAATTTAAGTTTTTGCATCACGCGTTTTATCAAAGTGTCAACACATGAAGAGTAGAATGTTCAGTGCTGAAGGTAACTTAGCGGCGGACGGGTGAGTAACGCGTGGGCAACCTGCCTGTTACAGGGGGATAACACAGGGAAACTTGTGCTAATACCGCATAATACAGCGAAGAAGCATTTCTTTGTTGTCAAAGGAGCAATCCGGTGACAGATGGGCCCGCGTCCAATTAGCTAGTTGGTGATGTAACGGACCACCAAGGCGACGATTGGTAGCCGAACTGAGAGGTTGATCGGCCACATTGGGACTGAGACACGGCCCAGACTCCTACGGGAGGCAGCAGTGGGGAATATTGCACAATGGGGGAAACCCTGATGCAGCAACGCCGCGTGAAGGATGAAGGTTTTCGGATTGTAAACTTCTTTAGTCAGGGACGAAAAAAATGACGGTACCTGAAGAATAAGCCACGGCTAACTACGTGCCAGCAGCCGCGGTAATACGTAGGTGGCAAGCGTTGTCCGGAATTACTGGGTGTAAAGGGCGTGTAGGCGGGAATGTAAGTCAGATGTGAAATCCCAGGGCTTAACCCTGGAGCTGCATCTGAAACTATGTTTCTTGAGTGCCGGAGAGGAAAGCGGAATTCCTAGTGTAGCGGTGAAATGCGTAGATATTAGGAGGAACACCAGTGGCGAAGGCGGCTTTCTGGACGGTAACTGACGCTGAGGCGCGAAAGCGTGGGGAGCAAACAGGATTAGATACCCTGGTAGTCCACGCTGTAAACGATGGATACTAGGTGTAGGAGGTATCGACCCCTTCTGTGCCGGAGTTAACACAATAAGTATCCCACCTGGGGAGTACGGCCGCAAGGTTGAAACTCAAAGGAATTGACGGGGGCCCGCACAAGCAGTGGAGTATGTGGTTTAATTCGAAGCAACGCGAAGAACCTTACCAAGGCTTGACATATAGCGGAATACGGCAGAGATGTCGTAGTCCTTCGGGACTGCTATACAGGTGGTGCATGGTTGTCGTCAGCTCGTGTCGTGAGATGTTGGGTTAAGTCCCGCAACGAGCGCAACCCCTGTTGTTAGTTGATAACATTAAGATGATCACTCTAGCGAGACTGCCGGTGATAAATCGGAGGAAGGTGGGGACGACGTCAAATCATCATGCCCCTTATGTCTTGGGCTACACACGTACTACAATGGCTATTACAGAGGGAAGCTAAGCTGTAAAGTGGAGCAAATCCCCAAAAATAGTCCCAGTTCAGATTGTGGGCTGCAACCCGCCCACATGAAGTCGGAATTGCTAGTAATGGCAGGTCAGCATACTGCCGTGAATACGTTCCCGGGCCTTGTACACACCGCCCGTCACACCATGAGAGTCTGCAACACCCGAAGTCGATAGTCTAACCGCAAGGAGGACGTCGCCGAAGGTGGGGCCGATGATTGGGGTGAAGTCGTAACAAGGTAGCCGTATCGGAAGGTGCGGCTGGATCACCTCCTTTCTA
GCF_001886875.1,97_160,Clostridium,Bacteria,Bacillota,Clostridia,Eubacteriales,Clostridiaceae,TTTTATTGAGAGTTTGATCCTGGCTCAGGACGAACGCTGGCGGCGTGCTTAACACATGCAAGTCGAGCGATGAAGCTCCTTCGGGAGTGGATTAGCGGCGGACGGGTGAGTAACACGTGGGTAACCTGCCTCATAGAGGGGAATAGCCTTTCGAAAGGAAGATTAATACCGCATAAGATTGTAGTACCGCATGGTACAGCAATTAAAGGAGTAATCCGCTATGAGATGGACCCGCGTCGCATTAGCTAGTTGGTGAGGTAACGGCTCACCAAGGCGACGATGCGTAGCCGACCTGAGAGGGTGATCGGCCACATTGGGACTGAGACACGGCCCAGACTCCTACGGGAGGCAGCAGTGGGGAATATTGCACAATGGGGGAAACCCTGATGCAGCAACGCCGCGTGAGTGATGACGGTCTTCGGATTGTAAAGCTCTGTCTTTAGGGACGATAATGACGGTACCTAAGGAGGAAGCCACGGCTAACTACGTGCCAGCAGCCGCGGTAATACGTAGGTGGCAAGCGTTGTCCGGATTTACTGGGCGTAAAGGGAGCGTAGGTGGATATTTAAGTGGGATGTGAAATACCCGGGCTTAACCTGGGTGCTGCATTCCAAACTGGATATCTAGAGTGCAGGAGAGGAAAGGAGAATTCCTAGTGTAGCGGTGAAATGCGTAGAGATTAGGAAGAATACCAGTGGCGAAGGCGCCTTTCTGGACTGTAACTGACACTGAGGCTCGAAAGCGTGGGGAGCAAACAGGATTAGATACCCTGGTAGTCCACGCCGTAAACGATGAATACTAGGTGTAGGGGTTGTCATGACCTCTGTGCCGCCGCTAACGCATTAAGTATTCCGCCTGGGGAGTACGGTCGCAAGATTAAAACTCAAAGGAATTGACGGGGGCCCGCACAAGCAGCGGAGCATGTGGTTTAATTCGAAGCAACGCGAAGAACCTTACCTAGACTTGACATCTCCTGAATTACTCTGTAATGGAGGAAGCCACTTCGGTGGCAGGAAGACAGGTGGTGCATGGTTGTCGTCAGCTCGTGTCGTGAGATGTTGGGTTAAGTCCCGCAACGAGCGCAACCCTTATTGTTAGTTGCTACCATTTAGTTGAGCACTCTAGCGAGACTGCCCGGGTTAACCGGGAGGAAGGTGGGGATGACGTCAAATCATCATGCCCCTTATGTCTAGGGCTACACACGTGCTACAATGGTCGGTACAATGAGATGCAACCTCGCGAGAGTGAGCAAAACTATAAAACCGATCTCAGTTCGGATTGTAGGCTGAAACTCGCCTACATGAAGCTGGAGTTGCTAGTAATCGCGAATCAGAATGTCGCGGTGAATACGTTCCCGGGCCTTGTACACACCGCCCGTCACACCATGAGAGTTGGCAATACCCAAAGTTCGTGAGCTAACGCGTAAGCGAGGCAGCGACCTAAGGTAGGGTCAGCGATTGGGGTGAAGTCGTAACAAGGTAGCCGTAGGAGAACCTGCGGCTGGATCACCTCCTTTCTATGGA
GCF_000023065.1,97_1553,Tolumonas,Bacteria,Pseudomonadota,Gammaproteobacteria,Aeromonadales,Aeromonadaceae,ACTTTAATTGAAGAGTTTGATCATGGCTCAGATTGAACGCTGGCGGCAGGCCTAACACATGCAAGTCGAACGGCAGCGGGGGATAGCTTGCTATCCTGCCGGCGAGTGGCGGACGGGTGAGTAATGCCTGGGGAGCTGCCCAATCGAGGGGGATACCAACTGGAAACGGTTGCTAATACCGCATACGCCCTGCGGGGGAAAGGTGGGGACCTTCGGGCCTACCGCGATTGGATGCACCCAGGTGGGATTAGCTGGTTGGTGAGGTAACGGCTCACCAAGGCGACGATCTCTAGCTGGTCTGAGAGGATGACCAGCCACACTGGAACTGAGACACGGTCCAGACTCCTACGGGAGGCAGCAGTGGGGAATATTGCACAATGGGGGAAACCCTGATGCAGCCATGCCGCGTGTGTGAAGAAGGCCTTCGGGTTGTAAAGCACTTTCAGTAGGGAGGAAGGGGTGATGTCTAATACGCATCATCATTGACGTTACCTACAGAAGAAGCACCGGCTAACTCCGTGCCAGCAGCCGCGGTAATACGGAGGGTGCAAGCGTTAATCGGAATAACTGGGCGTAAAGCGCACGCAGGCGGTTAGATAAGTCAGATGTGAAATCCCCGGGCTCAACCTGGGAACTGCATTTGAAACTGTCCGACTAGAGTCTTGTAGAGGGGGGTAGAATTCCAGGTGTAGCGGTGAAATGCGTAGAGATCTGGAGGAATACCGGTGGCGAAGGCGGCCCCCTGGACAAAGACTGACGCTCAGGTGCGAAAGCGTGGGGAGCAAACAGGATTAGATACCCTGGTAGTCCACGCTGTAAACGATGTCGATTTGGAGTTTGTGCCATTATGAGCGTGGGTTCCGAAGCTAACGCGATAAATCGACCGCCTGGGGAGTACGGCCGCAAGGTTAAAACTCAAATGAATTGACGGGGGCCCGCACAAGCGGTGGAGCATGTGGTTTAATTCGATGCAACGCGAAGAACCTTACCTGGCCTTGACATGCTGAGAAGTTTGTAGAGATACGAATGTGCCTTCGGGAACTCAGACACAGGTGCTGCATGGCTGTCGTCAGCTCGTGTCGTGAGATGTTGGGTTAAGTCCCGCAACGAGCGCAACCCCTATCCTTTGTTGCCAGCGAGTAATGTCGGGAACTCAAGGGAGACTGCCGGTGATAAACCGGAGGAAGGTGGGGATGACGTCAAGTCATCATGGCCCTTACGGCCAGGGCTACACACGTGCTACAATGGCGTATACAGAGGGAAGCGACCTCGCGAGAGCAAGCGGAACCCACAAAGTACGTCGTAGTCCGGATCGGAGTCTGCAACTCGACTCCGTGAAGTCGGAATCGCTAGTAATCGTGGATCAGAATGCCACGGTGAATACGTTCCCGGGCCTTGTACACACCGCCCGTCACACCATGGGAGTGGGTTGTACCAGAAGTAGTTAGTCTAACCCTTCGGGGAGGACGATTACCACGGTGTGATTCATGACTGGGGTGAAGTCGTAACAAGGTAACCGTAGGGGAACCTGCGGTTGGATCACCTCCTTACCTTAA
GCF_000247605.1,97_1330,Acetobacterium,Bacteria,Bacillota,Clostridia,Eubacteriales,Eubacteriaceae,TTTATTGAGAGTTTGATCCTGGCTCAGGACGAACGCTGGCGGTATGCTTAACACATGCAAGTCGAACGAGACAAGATGGAAGGATCCTTCGGGTGAATGAAATCTTAGAAAGTGGCGAACGGGTGAGTAACGCGTGGGTAACCTACCCTATGGAAAGGAATAGCCCCGGGAAACTGGGTGTAATACCTTATAAGATATAGTTTGTCGCATGGCAGATGTATTAAACGCTCCGGCGCCATAGGATGGACCCGCGTCCCATTAGCTAGTTGGTGAGATAACAGCCCACCAAGGCGACGATGGGTAACCGGTCTGAGAGGGCGAACGGTCACACTGGAACTGAGACACGGTCCAGACTCCTACGGGAGGCAGCAGTGGGGAATATTGCGCAATGGGGGCAACCCTGACGCAGCAATACCGCGTGAGTGAAGAAGGTTTTCGGATCGTAAAGCTCTGTTATTGGGGAAGAAAAAAAGACGGTACCCAAGAAGAAAGTCCCGGCTAACTACGTGCCAGCAGCCGCGGTAATACGTAGGGGACAAGCGTTGTCCGGATTTACTGGGCGTAAAGGGCACGCAGGCGGTTTTTTAAGTCAGATGTGAAAGGTACCGGCTCAACCGGTGACATGCATTTGAAACTGAAAGACTTGAGTATTGGAGAGGCAAGTGGAATTCCTGGTGTAGCGGTGAAATGCGTAGATATCAGGAGGAACACCGGTGGCGAAGGCGGCTTGCTGGACAAATACTGACGCTGAGGTGCGAAAGCGTGGGGAGCAAACAGGATTAGATACCCTGGTAGTCCACGCCGTAAACGATGAGTGCTAGGTGTTGGGGAGACTCAGTGCCGCAGCTAACGCAATAAGCACTCCGCCTGGGGAGTACGACCGCAAGGTTGAAACTCAAAGGAATTGACGGGGACCCGCACAAGCAGCGGAGCATGTGGTTTAATTCGAAGCAACGCGAAGAACCTTACCAGGTCTTGACATCCTCTGACCATCTGAGAGATCAGACTTTCCCTTCGGGGACAGAGAGACAGGTGGTGCATGGTTGTCGTCAGCTCGTGTCGTGAGATGTTGGGTTAAGTCCCGCAACGAGCGCAACCCCTGTGGTTAGTTGCCATCATTCAGTTGGGCACTCTAAGCAGACTGCCGTGGATAACACGGAGGAAGGTGGGGACGACGTCAAATCATCATGCCCCTTATGACCTGGGCTACACACGTGCTACAATGGTCTGAACAGAGGGCTGCGAAACCGCGAGGTGAAGCTAATCCCTTAAAACAGATCTCAGTTCGGATTGCAGGCTGCAACTCGCCTGCATGAAGTTGGAGTTGCTAGTAATCGCAGATCAGAATGCTGCGGTGAATGCGTTCCCGGGTCTTGTACACACCGCCCGTCACACCACGAGAGTTGGCAACACCCGAAGTCAGTGAGGCAACCGTAAGGAGCCAGCTGCCGAAGGTGGGGTCAGTAATTGGGGTGAAGTCGTAACAAGGTAGCCGTATCGGAAGGTGCGGCTGGATCACCTCCTTTCT
GCF_000265295.1,97_1309,Sulfurospirillum,Bacteria,Campylobacterota,Epsilonproteobacteria,Campylobacterales,Sulfurospirillaceae,TTTATGGAGAGTTTGATCCTGGCTCAGAGTGAACGCTGGCGGCGTGCTTAACACATGCAAGTCGAACGGATAAAATAAGCTTGCTTATTTTGTTAGTGGCGCACGGGTGAGTAATGTATAGCTAACCTGCCCTTTAGTGGGGGACAACAGTTGGAAACGACTGCTAATACCCCATACTCCTTCTTACTATAAGGTAAGTTGGGAAAGATTTATCGCTAAAGGATGGGGCTTTATTGTATCAGCTAGTTGGTGGGGTAATGGCCTACCAAGGCTATGACGCATACCTGGTCTGAGAGGATGATCAGGCACACTGGAACTGAGACACGGTCCAGACTCCTACGGGAGGCAGCAGTGGGGAATATTGCACAATGGAGGAAACTCTGATGCAGCAACGCCGCGTGGAGGATGACGCATTTCGGTGTGTAAACTCCTTTTATAAGGGAAGATAATGACGGTACCTTATGAATAAGCACCGGCTAACTCCGTGCCAGCAGCCGCGGTAATACGGAGGGTGCAAGCGTTACTCGGAATCACTGGGCGTAAAGGATGCGTAGGCTGTAATATAAGTCAGGAGTGAAATCCAACGGCTCAACCGTTGAACTGCTCTTGAAACTGTTTTACTAGAATATGGGAGAGGTAGATGGAATTAGTGGTGTAGGGGTAAAATCCGTAGATATCACTAGGAATACCGATTGCGAAGGCGATCTACTGGAACATTATTGACGCTGAGGCATGAAAGCGTGGGGAGCAAACAGGATTAGATACCCTGGTAGTCCACGCCCTAAACGATGCACACTAGTTGTTGCGATGCTAGTCATTGCAGTAATGCACTTAACAGATTAAGTGTGCCGCCTGGGGAGTACGGTCGCAAGATTAAAACTCAAAGGAATAGACGGGGACCCGCACAAGCGGTGGAGCATGTGGTTTAATTCGAAGATACACGAAGAACCTTACCTGGCCTTGATATCCTAAGAATCCTGTAGAGATATGGGAGTGCTAGTTTACTAGAACTTAGAGACAGGTGCTGCACGGCTGTCGTCAGCTCGTGTCGTGAGATGTTGGGTTAAGTCCCGCAACGAGCGCAACCCTCGTGTTTAGTTGCTAACAGTTTGGCTGAGCACTCTAAACAGACTGCCTTCGTAAGGAGGAGGAAGGTGAGGACGACGTCAAGTCATCATGGCCCTTATGGCCAGGGCTACACACGTGCTACAATGGCTAGGACAAAGAGACGCGATACTGCGAAGTGGAGCAAATCTTAAAACCTAGTCTCAGTTCGGATTGAAGTCTGCAACTCGACTTCATGAAGCTGGAATCGCTAGTAATCGTAGATCAGATATGCTACGGTGAATACGTTCCCGGGTCTTGTACTCACCGCCCGTCACACCATGGGAGTTGAATTCACCCGAAGCCGGAATACTAAACTAGTTACCGACCACGGTGGGTTCAGCGACTGGGGTGAAGTCGTAACAAGGTAACCGTAGGAGAACCTGCGGTTGGATCACCTCCTTTCT
GCF_000021005.1,97_1194,Cereibacter,Bacteria,Pseudomonadota,Alphaproteobacteria,Rhodobacterales,Paracoccaceae,CAACTTGAGAGTTTGATCCTGGCTCAGAATGAACGCTGGCGGCAGGCCTAACACATGCAAGTCGAGCGAAGTCTTCGGACTTAGCGGCGGACGGGTGAGTAACGCGTGGGAACGTGCCCTTTGCTTCGGAATAGCCCCGGGAAACTGGGAGTAATACCGAATGTGCCCTTTGGGGGAAAGATTTATCGGCAAAGGATCGGCCCGCGTTGGATTAGGTAGTTGGTGGGGTAATGGCCTACCAAGCCGACGATCCATAGCTGGTTTGAGAGGATGATCAGCCACACTGGGACTGAGACACGGCCCAGACTCCTACGGGAGGCAGCAGTGGGGAATCTTAGACAATGGGCGCAAGCCTGATCTAGCCATGCCGCGTGATCGATGAAGGCCTTAGGGTTGTAAAGATCTTTCAGGTGGGAAGATAATGACGGTACCACCAGAAGAAGCCCCGGCTAACTCCGTGCCAGCAGCCGCGGTAATACGGAGGGGGCTAGCGTTATTCGGAATTACTGGGCGTAAAGCGCACGTAGGCGGATCGGAAAGTCAGAGGTGAAATCCCAGGGCTCAACCCTGGAACTGCCTTTGAAACTCCCGATCTTGAGGTCGAGAGAGGTGAGTGGAATTCCGAGTGTAGAGGTGAAATTCGTAGATATTCGGAGGAACACCAGTGGCGAAGGCGGCTCACTGGCTCGATACTGACGCTGAGGTGCGAAAGCGTGGGGAGCAAACAGGATTAGATACCCTGGTAGTCCACGCCGTAAACGATGAATGCCAGTCGTCGGGCAGCATGCTGTTCGGTGACACACCTAACGGATTAAGCATTCCGCCTGGGGAGTACGGCCGCAAGGTTAAAACTCAAAGGAATTGACGGGGGCCCGCACAAGCGGTGGAGCATGTGGTTTAATTCGAAGCAACGCGCAGAACCTTACCAACCCTTGACATGGCGATCGCGGTTCCAGAGATGGTTCCTTCAGTTCGGCTGGATCGCACACAGGTGCTGCATGGCTGTCGTCAGCTCGTGTCGTGAGATGTTCGGTTAAGTCCGGCAACGAGCGCAACCCACGTCCTTAGTTGCCAGCATTCAGTTGGGCACTCTAGGGAAACTGCCGGTGATAAGCCGGAGGAAGGTGTGGATGACGTCAAGTCCTCATGGCCCTTACGGGTTGGGCTACACACGTGCTACAATGGCAGTGACAATGGGTTAATCCCAAAAAGCTGTCTCAGTTCGGATTGGGGTCTGCAACTCGACCCCATGAAGTCGGAATCGCTAGTAATCGCGTAACAGCATGACGCGGTGAATACGTTCCCGGGCCTTGTACACACCGCCCGTCACACCATGGGAATTGGTTCTACCCGAAGGCGGTGCGCCAACCTCGCAAGAGGAGGCAGCCGACCACGGTAGGATCAGTGACTGGGGTGAAGTCGTAACAAGGTAGCCGTAGGGGAACCTGCGGCTGGATCACCTCCTTTCTA
